Tag,Count
SNZ,7
1DR,6
7NK,8
3NX,8
5SW,12
VML,13
RLE,21
HKG,13
LQU,23
SBV,9
YGU,8
T5M,17
QJN,13
O5Y,23
KCZ,8
5ZK,5
ACU,17
49F,8
8X5,15
R71,14
BQX,10
A2A,15
XJE,25
3X8,25
YCC,10
FXO,9
ZM6,12
A7Q,29
RAX,10
8EE,16
T6M,8
I0O,21
DC2,9
NEI,22
C0M,13
G8U,12
74B,11
G35,12
51M,11
HNO,21
ZB5,13
5C7,11
FVJ,9
YCW,12
4DR,17
XNG,10
MNK,21
KA2,18
ZZC,14
S85,14
ZOV,15
F28,15
J89,8
T9J,13
MA5,12
1DS,11
RTQ,17
RWD,12
CSG,10
32Z,11
6WC,8
QQK,11
TAD,15
E8K,6
TEI,10
T9U,12
3NW,20
0T2,13
2C0,27
RCG,10
R46,6
XPD,11
U40,19
DGD,14
V8G,9
Y1P,5
W3S,14
I3H,10
ZB2,14
2BB,26
ST7,14
NK2,14
PVX,5
T2B,11
AH4,12
AGW,6
U37,5
7XZ,9
E5I,9
8CG,14
FM8,8
HDG,12
70D,9
MQC,10
OTC,12
0VK,12
Y4Z,9
95N,24
LMQ,10
6NI,17
0RU,12
KKO,12
I4V,15
Y60,13
G68,10
MKV,7
VVB,8
1OH,10
DI8,17
YKD,6
RZA,8
67W,12
AD5,13
OHI,12
HB7,14
BKT,11
16U,14
QPK,12
MJ9,7
JVQ,19
09G,9
1OB,9
7XC,9
LOM,23
M5U,7
KRB,6
VBX,12
RHC,11
8O3,13
TES,10
EXZ,9
PN2,12
5CZ,12
UYY,10
1EX,8
D0H,18
H3N,8
Z88,13
QWV,8
POK,11
M3P,22
SKD,9
T9W,9
JNQ,13
FP5,24
B1V,12
FYR,10
UZ0,19
XDP,21
XPP,9
9DB,6
9HS,12
GK4,7
YEU,7
6ZG,10
Z9Q,18
2DO,9
N01,16
GRH,11
CSL,9
DU1,12
2OF,10
ZCI,12
VJX,9
5R1,4
Y4M,5
8JZ,11
POI,9
6TR,9
2N4,9
W5X,22
9UA,14
QB9,11
MKO,12
FXC,8
3GM,15
EUY,8
THG,4
33Z,19
G0A,10
KD0,11
1YA,10
ZZE,10
RXC,8
31Y,6
T3T,9
RKF,11
Z52,11
I8T,12
PRU,8
XFA,10
U6T,13
C23,23
F8U,21
TUA,10
V1Z,9
6DQ,21
OEP,18
6SC,7
HFD,13
WMY,17
ZCP,17
7QD,9
A0H,7
0FJ,9
6LL,12
RN0,15
NVZ,20
KBK,10
EF8,10
CBB,23
6KV,13
9SH,11
CFT,6
LV1,13
UEU,29
HZ6,5
9HZ,9
6KB,17
AQU,10
TYR,8
JUA,11
JD3,8
196,8
D3M,7
ZLT,5
IKI,10
JAV,8
GJY,13
J2N,9
EAC,10
RFC,22
CO2,13
42G,15
VR6,10
GGI,9
PP1,9
ONE,9
OIW,6
E2K,18
YT3,15
Q6Y,13
86C,17
6E3,12
WZC,19
O5T,14
Z0I,10
3WC,10
VKG,10
HM6,10
CRX,9
JME,17
IXX,20
33M,10
ZKE,11
HDH,7
CMI,16
9GB,6
X0T,14
4BP,14
H39,14
EMM,16
AO0,8
2OD,11
600,8
KB1,17
S29,6
NGJ,13
G80,5
3NU,9
31E,7
MC3,21
3LV,11
L40,12
5GF,3
IBC,10
HA5,23
3U3,10
QXR,9
XZD,11
ZJZ,11
D9R,15
HDB,22
JH0,6
IUW,10
XNP,16
0XC,6
MPC,7
G51,10
Y18,10
L46,12
D1D,12
ITG,14
K12,15
VXX,14
6Y4,11
5OD,17
ZS6,11
53R,6
0V5,9
JC8,15
0BI,9
AG5,6
45D,6
JER,6
CUA,9
KNL,16
H7F,9
719,3
SXL,9
Z04,8
PBG,11
Q83,7
VYK,11
210,8
YL7,11
R0H,12
WP0,11
FKP,13
XE4,9
SXG,8
04M,12
75P,11
3AL,5
QQY,8
KAS,23
9K0,14
TQL,9
PYO,15
7KW,10
4SY,15
AAA,6
39I,9
B6L,15
6Y3,3
4LA,15
9ZC,11
227,12
BEF,7
Y4C,8
85V,8
DQ5,8
LOO,18
P64,10
DY5,13
U83,20
KC4,21
O6F,6
DLA,11
91Y,6
2LU,8
S06,9
8XB,7
TVB,15
PKE,20
894,10
W43,4
5EJ,6
FXA,8
R3D,25
K5H,12
BA7,13
LRP,7
7X8,26
ZJ0,8
N48,13
VUK,20
6WW,8
QNL,12
3KM,6
XIA,15
RJG,12
HRB,10
X7B,11
ZH0,9
LX3,9
BM0,15
TRC,9
HLH,19
IO8,10
TDL,9
0GE,6
P0S,9
3UH,7
2AG,11
3WP,19
IHK,39
FEU,9
HNQ,11
KZA,21
F5H,22
331,10
VM4,12
YKB,9
8PT,4
G6T,8
9NP,5
096,8
MQW,9
2S2,12
C2B,15
AC6,7
26L,13
1G9,13
5BH,10
HT9,16
86T,7
698,15
LMY,4
TJX,25
BB1,5
KCQ,7
QE7,11
W6E,7
UAD,35
1DT,6
7JD,12
ZF6,5
750,12
JA3,9
SML,12
OK3,7
X30,24
UYI,11
9WG,9
P19,11
R3T,12
T8R,22
4XI,8
XGV,9
DR3,22
JLP,11
BC1,12
6SF,9
5SS,7
06F,10
QFK,13
6KW,7
ZDE,7
B3Z,10
845,10
S84,9
U3L,11
3CV,11
221,10
GE6,12
VPS,6
V27,5
7UK,16
81P,9
YJ2,8
TZ4,11
2JQ,16
468,9
OX9,11
NSP,14
NKL,7
2GJ,10
BLR,10
7EC,8
YFU,8
EA4,19
YC5,9
YCI,6
IKY,13
615,14
0UP,8
K1R,21
VZQ,10
1JY,6
M1E,6
RR5,13
M2K,13
GCE,7
9XK,6
2BZ,5
LWA,27
3UA,9
D8C,8
V1E,10
2RC,8
N3J,14
W78,15
MQ6,3
SUL,8
Z2I,7
51V,10
U0T,11
GHP,7
7RB,9
4Q9,10
5P9,8
4W0,8
APO,13
S7N,9
TS9,11
W26,16
M5A,10
TPR,2
CGX,12
04E,10
2CN,8
DIL,13
2WN,14
O0U,20
LEK,17
MMF,6
4YI,18
IYU,6
RCR,7
RV1,10
BAA,7
Q90,19
7AY,6
88Z,7
QUT,12
383,12
7S3,6
QEU,10
SE3,15
YP8,7
YHA,12
5W4,9
WNF,11
I4X,10
W1O,6
YXB,9
ZTA,12
L11,9
BSP,11
OUQ,11
5PD,8
IQY,23
2GT,10
6K7,10
5XE,10
5XN,5
R0R,8
E2A,19
Q6C,13
TIE,13
3VP,22
AJ9,24
LPM,9
HOC,10
TUB,23
MK8,15
1UX,12
QUS,4
39H,10
EFY,15
8EX,10
17M,14
7E1,24
4NT,15
I8H,6
TTW,22
25F,15
OQ0,11
ARB,14
PQB,11
VBM,19
399,8
9YO,7
7KS,10
95J,12
TUH,11
EP0,12
XQ7,15
75D,9
P3G,13
2FM,11
GLL,8
OGF,11
LYS,11
MSK,22
BGW,18
YWL,6
A7W,7
96X,12
6HD,11
QY7,8
MB7,9
QND,13
KT4,10
CT0,8
DZ9,14
PVA,13
D5V,7
6UV,10
JHY,13
276,8
9UI,13
FMD,12
KYJ,10
PAR,15
JWM,24
ZTS,20
HOU,9
DQE,12
YBZ,5
QB2,6
YN3,6
U9P,7
693,10
ADF,18
A99,9
ZW9,10
95Q,15
QNC,20
KFX,7
M9T,12
ZF2,10
LHT,23
YTR,10
PQH,9
S1W,13
9OF,12
I96,7
A6N,14
5TD,15
ZFI,12
H5N,7
ZTW,10
BMT,9
E97,21
AD8,7
WMZ,10
D39,10
9Z5,8
6KR,5
PUX,29
VSS,13
C3Y,7
JHB,19
J2Q,11
C7C,10
VSD,9
RV9,11
BRC,14
ROP,7
RNU,17
ORA,14
98X,10
946,9
A3S,11
SFB,18
CON,8
TXI,10
44S,7
0AF,14
RJL,11
3OR,10
55Y,9
IUO,6
45O,8
7QH,26
9E2,9
6YI,11
8ZG,12
28G,9
38D,15
Z3T,12
XZU,11
9Z0,9
R22,11
H87,8
7JN,11
PJZ,7
QF2,11
7PW,7
VNN,9
OBE,17
ZS3,7
LXO,11
7NL,9
WU4,9
JMO,7
V6F,40
Q3E,7
XDS,7
EEO,9
RKY,13
FX5,12
L69,6
DS5,9
8VZ,12
9WP,9
7Y8,11
0NE,4
NWI,22
VXH,10
NO7,10
RIO,34
ASA,15
JCF,23
9ZU,5
1FU,9
XYI,11
BQS,19
F0U,10
S1D,13
DJP,11
LPG,11
RXI,11
UYN,6
YMQ,5
XR4,14
FCD,6
K2U,13
AZV,6
EDR,10
9EM,12
CPN,16
4I0,14
XI7,8
Y98,17
JEC,19
3AT,13
USA,7
G46,9
CYM,17
HM3,10
J1V,12
OL3,7
DA8,7
SBH,8
IAX,8
6UD,11
1EN,5
92C,23
ZT5,20
TN4,9
4Z0,12
DG8,7
OQ3,8
R1B,10
3F1,10
EZ8,15
NYU,9
LF5,7
J5H,5
GI4,7
QOQ,11
9AT,9
H2O,8
V83,6
TSY,9
8FQ,10
FJ4,23
I2N,7
U8B,12
846,8
E8A,8
XJ9,14
N1K,10
W08,23
PWX,12
WEP,7
MNO,13
UC2,20
8DS,7
T23,8
OBN,7
E9T,11
QD3,11
D8B,11
RHO,13
HQN,8
YIG,24
HDO,14
7HQ,7
ZSQ,11
XW5,10
LSV,5
ZJ5,17
6AL,10
I7P,8
RDP,13
RA9,13
TIY,9
PLE,15
E1D,9
AKL,12
OJ5,11
DTU,13
TPI,12
PZ9,9
HRH,11
TKI,6
5SR,15
JLK,20
FVR,13
F6Z,16
3NJ,8
NG4,9
3U5,6
MXW,6
CIF,7
2L8,11
7GD,8
YA9,12
AGU,11
ZPS,7
9ZG,7
B2Z,15
B6B,15
XPX,13
AUR,7
OUM,6
IMN,12
V5X,5
4AP,9
A49,21
5O1,9
NUH,12
V3U,12
MFS,10
0MQ,12
OME,14
RH9,29
Y6W,9
TIL,7
FKU,15
6RN,10
72N,9
1AX,13
QE2,11
9Q8,12
U8S,18
59H,17
S4B,5
KBS,19
V59,19
D1E,7
WWY,8
NT1,20
SG9,12
JUY,9
FG3,13
GVO,13
17P,20
HAE,11
NVX,22
QKL,11
88R,6
QF9,9
6R0,9
9AU,12
MV1,12
6G3,11
Q06,10
M53,7
EBK,4
KVM,21
NLT,14
9V0,7
NIA,15
E0W,12
U9S,18
813,15
4M9,14
DHD,17
8F6,17
2PS,7
4O2,9
SL1,13
YAX,12
FEO,12
YND,16
5RA,10
OHW,6
CVB,18
ZBC,6
JY8,24
I8Q,20
KVV,16
G0K,11
CCX,14
60P,11
C6N,10
XSL,11
FDO,10
Q65,11
20K,9
AA5,11
EYO,6
WL8,13
NPU,8
ZYI,12
H64,9
FBR,8
91T,13
I2T,13
R14,5
GHV,8
WKN,9
H4H,7
2LD,15
2XA,13
IL4,10
DTG,10
M0G,9
3MO,14
XVF,22
BCU,11
PXI,4
0GL,6
FHP,13
TSL,10
ZWT,12
85J,9
04H,9
B4Q,10
TD3,11
NPQ,20
ICN,13
QV5,14
CZ7,8
0RP,11
HBR,11
FYP,11
32L,9
7EU,13
M9P,9
37Y,9
TRW,10
SSX,6
9E5,18
PTV,7
6B2,9
HKV,10
SQH,8
SND,11
X9K,8
HNC,6
ZBJ,12
JGR,12
MIR,9
CO3,9
XIT,12
ANK,17
KMD,13
FAO,7
1K2,11
C4S,12
7XN,5
CT4,8
H4V,9
Z3M,8
CWB,11
C0Z,23
Z8C,10
C4Q,14
IOD,9
DKV,20
CG4,13
6CS,13
L34,7
2V3,10
GEI,16
NIQ,22
H71,17
IU4,11
NJP,7
O4W,12
AG3,7
E9N,10
JIM,22
JCB,9
SFW,11
TUN,3
B7C,17
R8T,11
YGF,7
E5K,7
BS0,12
FR0,6
692,10
7B1,16
PMO,17
ERN,9
7DO,20
MSG,11
VTQ,9
U36,10
C2R,12
PGD,8
U8J,18
HYX,8
6PP,11
OWM,6
89G,18
Z4Q,7
W8W,8
AGP,7
5OU,10
8FE,10
HXJ,12
UVR,7
2U6,8
MXU,14
S4O,9
W14,4
ML7,32
DWO,22
NCC,10
J14,6
Q50,18
WR2,9
92A,8
LTO,24
E2C,12
6D8,8
7BR,18
S0K,11
XPB,7
0IY,8
9JR,17
PJ6,8
CDS,8
FHZ,12
JL4,12
BQA,14
WR8,10
L8Z,7
DU3,9
E87,10
ZRE,5
VLN,9
M5R,10
F00,6
M2Y,5
QOL,7
6I7,16
4F8,14
MOI,7
4VP,10
G9R,10
641,10
PKF,31
NW7,17
VRG,14
T55,9
GOO,10
X4H,11
NND,11
PBX,19
QYL,7
BKC,11
8CW,7
P9X,10
FW3,10
9EO,10
L9M,16
V30,11
5DM,11
0X1,12
K0P,21
O9C,29
J0K,7
NV1,13
7HN,9
4D9,23
PTP,14
2K0,14
WM2,26
H1R,6
D7Y,8
4YB,10
G0Q,7
JA5,9
QTP,11
LUX,9
VXZ,10
3EQ,8
KSW,12
Q38,12
YER,9
U9H,10
KOJ,11
AFG,8
H6G,6
VG4,2
JPG,14
CLR,7
MYL,15
1RW,11
BVX,14
VR1,16
17F,14
W5Z,9
DWD,11
SS6,21
1XI,5
FQL,22
C5C,12
9RJ,8
Y4H,11
V3Y,8
VD7,6
I9E,15
EW8,8
XWQ,8
W0G,11
TI9,10
82F,9
0SU,9
UCR,5
Y5U,14
Z5Y,11
0NK,9
LYG,9
X28,7
IQO,20
WTD,17
963,17
KW5,8
VCS,9
24E,7
ZVY,10
XAV,16
E0U,6
U5E,11
GT4,13
JX6,8
7D2,8
AL6,10
S6I,19
HMU,17
G1H,10
AN4,8
AIX,6
EHB,7
POE,13
FKT,8
CH3,12
7EE,9
THI,12
HI5,12
86G,16
3A6,18
I86,12
A0I,8
FTP,15
3R7,14
8SV,22
KXY,11
7W7,11
G3X,11
TQS,12
C74,9
MUT,7
7H1,15
RTA,6
48E,9
7XO,7
CER,5
KJQ,10
4MJ,13
A7J,12
P5M,7
59T,19
F7L,13
P9Z,10
IYR,12
Q9C,4
57L,7
UGM,11
SXP,9
J86,11
HAV,6
QBF,7
WEA,8
R19,8
LSY,6
WSG,22
4HD,10
H18,12
NSB,15
RJU,37
9ZO,18
FLP,11
HPA,6
2WH,6
EYG,20
KQI,13
1W2,18
YKL,9
UAP,15
TV9,10
S9L,8
7VF,8
R07,17
PY3,16
D4F,7
5IZ,10
FYX,5
MFG,7
GGG,13
H9T,15
116,10
D3R,11
XZM,9
Q8Q,8
5YN,8
C0G,10
S5B,14
XGU,25
CC2,15
IRW,11
ZIL,10
IGQ,8
9PO,10
8U5,15
UMU,7
9VA,13
RNI,4
MLQ,23
2GB,20
OPI,12
2FH,14
ONQ,11
6U6,10
1GV,4
2MP,16
0C9,8
UMG,11
F4R,13
W2O,10
VKE,9
RIR,9
CXT,14
XT3,23
CZV,16
YWK,10
VTN,10
1EL,30
JK8,6
7VS,14
H4U,10
Q0Y,13
NCB,8
SMH,8
KJ3,12
SPE,13
CWP,12
HBH,20
OOY,6
HGY,6
HKC,4
LOF,11
XTK,10
PD8,8
ZXO,7
S9B,23
BI3,13
8OS,12
PP3,9
QJ2,8
LUL,8
H32,10
BBY,13
MGP,10
SQK,7
FPB,14
K69,16
643,18
O4V,12
X2E,8
VV7,8
MXL,17
6NW,8
UN6,9
IJ3,14
SB8,16
O0R,10
1MQ,15
1BN,14
V0Z,8
W22,8
WBW,8
OIK,4
EVH,3
B4X,10
1HO,26
DG6,4
QFL,10
UGJ,7
OY7,7
PO4,7
08W,21
JR1,23
ROU,10
ZOZ,6
F12,7
9QS,6
56M,9
ZQV,9
15H,7
FSL,14
WMJ,9
311,8
W0Y,11
LZQ,10
KKS,8
R7N,9
GDD,13
VLS,15
OF9,13
KC9,16
BB2,26
91L,11
1V6,20
YXN,11
830,12
MAE,17
SKJ,14
1D0,15
JIF,8
A5M,9
TNH,6
K30,23
OO0,11
IDX,16
6ZB,7
GOI,9
RCQ,8
B8A,12
EQD,7
VW3,7
T5S,7
58W,11
4KT,11
TUC,19
X6G,21
NZ4,9
JTS,7
12R,8
DBJ,25
A9K,11
4MT,10
ILN,13
Y5L,8
B6Z,11
89M,16
MN8,15
J0P,11
ZEC,15
CUI,11
85F,7
ICV,8
FX2,15
MY2,17
AGO,11
OUR,12
XE7,11
PRC,9
HWC,13
62S,14
VJW,15
UES,9
JKK,10
7K9,16
K76,12
9II,15
5OR,10
EW4,9
IW6,11
SL4,11
YP1,12
BNI,14
DJD,12
DOY,6
MSB,20
MJX,12
RMG,13
KHM,10
EGK,8
K03,5
QDA,10
U9W,17
9KJ,8
BAY,8
EYI,8
W8G,14
C2S,13
RO0,7
SK5,19
KSL,13
9AI,9
YI9,12
2DD,10
EQI,10
HGM,6
WRK,19
M4T,4
0H6,14
L0R,9
EZQ,18
D0D,13
FNE,12
ACO,7
RQG,16
X72,9
1ZN,4
FPV,22
H5F,9
62A,16
OFQ,6
LKN,7
P6K,16
M02,9
BQ5,10
KFO,5
8B6,24
UDT,7
QKK,21
304,13
W7N,7
Y1E,9
90V,9
CAE,9
DNP,9
ER8,14
ZGO,10
2LJ,28
DNR,13
O20,7
BTF,14
SPQ,7
KPV,9
UD8,10
Z7V,19
HTV,12
484,13
9TN,7
5JU,9
JQL,12
AAK,13
B4G,13
2F6,9
JZY,10
3E5,8
MPZ,4
1XH,17
NXK,11
CDM,6
MPN,15
MGE,11
E5U,21
ZOM,4
6R5,12
TFH,15
FZ3,8
A4M,8
38X,8
QME,10
AVW,22
E0D,3
UYP,7
E2S,17
SW1,9
2MC,3
GB5,7
SS0,19
GA9,8
2I1,6
45V,12
G62,7
MI7,16
55F,10
LWK,18
8LD,8
P4L,20
0X3,8
NCA,8
K0R,12
YQO,12
G0R,9
XRT,12
DTS,10
5X2,12
MHA,9
O6T,8
IDP,8
Q2Z,12
767,11
SKZ,4
5V5,20
7UA,8
G8L,4
T8Q,13
KXQ,9
QGT,22
F0S,10
A56,11
BOZ,8
391,8
6M5,15
99F,9
8YW,10
2K8,14
PTT,17
2T0,6
PCT,7
8Q7,12
SXQ,20
04K,12
68W,6
4ZG,12
XV6,9
CI5,14
7ZT,23
NXS,26
AE4,12
K2M,8
HP5,3
GO0,17
KA1,4
1ZG,7
VBK,9
NB9,16
Q8I,10
ZWD,10
FXK,12
SFP,11
HSE,5
YJE,8
DYA,13
4LL,22
346,27
O24,9
JBD,20
Y0M,10
W0H,9
NKY,8
4YN,10
WZD,12
RR9,25
KWP,12
IUH,8
L0W,9
H8K,6
C86,7
W23,18
NIR,25
TLR,10
TYY,13
PDM,18
UWF,10
TNP,9
NMU,9
VZT,15
M9Q,6
KQT,14
5O9,7
LM2,10
612,8
3KG,12
QY9,8
DOX,6
AAR,14
DM2,9
G7Y,15
BKR,14
GBK,12
P8V,14
V7Z,10
LYB,17
X34,6
H55,11
M2Z,6
OBA,9
MGU,7
TZN,11
80H,17
3YH,19
PID,19
9X2,10
TMB,10
W4O,5
XB2,16
6KL,11
U7M,11
I6B,14
VMH,7
YMZ,13
P2E,8
LGL,8
2WK,12
AUT,8
HDC,7
LXC,6
RKT,16
OOA,15
CYN,11
TCF,9
RFA,13
HK6,15
POJ,6
9DL,10
APM,12
VJH,9
HX6,7
NB0,6
86M,9
SU0,7
YJN,18
ZQX,5
X1P,13
SAL,11
ENL,10
ANC,10
QX5,12
Q9G,22
4B4,7
YSO,12
B8G,6
GZR,11
YZU,9
Z70,17
RUO,9
JKQ,10
E7T,14
QLE,10
SQL,13
6MU,14
TEP,11
1VK,14
6FD,9
VN6,6
Y4E,8
O0O,12
N3Y,12
92Z,12
E08,12
DQT,11
0DZ,14
0OM,4
ELF,15
QG5,9
6B9,9
I04,8
J3Q,14
4NH,9
RPR,10
XY1,8
7VR,9
4QR,8
G0M,8
MDB,14
ZES,8
GLQ,18
A5A,13
JM5,7
GII,10
PQF,10
5H3,10
MCF,9
KP5,11
QMI,8
2DV,6
8NS,14
XUD,9
NR6,12
T2F,10
WLL,13
18D,11
DZN,8
5CU,9
GCD,7
VBA,11
D5L,16
SVP,8
DH5,7
YX5,10
G2U,11
E2M,27
9EX,13
DTF,13
OF1,8
QKR,23
0P3,8
15K,13
8OY,8
Y8A,7
PT5,16
XTL,8
K7K,8
8QX,7
M22,7
MOV,9
1PL,14
FLE,11
EOZ,17
XUU,8
06K,15
JLC,14
ANU,12
EFK,11
02C,4
7BO,28
460,7
HWZ,6
YQG,15
GHZ,13
3O1,7
4Q0,12
VJK,11
YLM,22
H45,9
8DU,5
9BJ,10
V5Z,8
4S7,8
LRC,23
6OL,20
M2Q,12
C73,14
QCD,8
ZC8,11
FGD,10
ERG,7
P5A,18
XTY,10
I3J,9
KA4,12
LHS,6
IZ0,18
4KD,13
78V,9
VFL,13
W8X,7
L9Q,6
XRY,6
XUE,9
1XY,10
355,7
ERK,12
HBQ,3
6RZ,10
AHY,8
QCB,21
S58,15
TOE,14
GSR,10
D7E,8
O6D,15
MXM,18
S7W,14
FX0,15
4OR,6
5V0,6
NVT,10
K34,14
0LD,4
Q9N,12
RYU,6
B2B,7
OCB,10
69N,9
V6C,7
T6Y,13
A1Q,7
WVN,7
WJB,15
NWL,11
TM1,11
ISX,6
4G8,31
EXH,12
X2D,13
5X7,10
JCO,14
65K,13
4XY,14
MB9,10
8Z1,6
BYO,17
40I,16
4P3,8
Y6N,16
CBD,8
9RK,12
2CH,4
JEB,11
OGD,26
9WD,15
D2X,13
9O9,12
TCP,6
RDE,11
DA4,20
9I6,14
LUF,8
2HW,11
ZQT,14
K8E,6
RP6,13
9BF,9
1MM,17
FJT,9
EOX,12
7TE,5
IC1,14
O9P,15
O84,9
N0M,11
AM5,24
VLZ,15
T3E,8
2GV,23
LCD,15
QJ6,11
2QB,11
KJY,18
AP9,9
UT8,11
U4R,14
61R,9
OKX,17
XRM,12
6FI,18
5KF,10
JCW,10
WLC,11
104,12
SUV,18
LXS,9
3R8,11
ZFG,10
W2U,6
5MX,10
CBR,10
QX9,16
GY5,9
YQY,13
GNS,9
YPE,18
TTQ,12
LS5,8
EEI,10
K1I,2
PLJ,8
B13,15
FFT,19
J16,19
DFH,11
5Y7,7
MAW,3
TCB,10
5MT,13
EU9,8
DDH,19
00W,9
R8G,5
9UD,26
7C2,11
KMM,11
4QF,12
XQ6,19
99O,5
VB0,14
FKM,9
H4E,8
OCF,11
Q7N,15
449,14
ZR8,10
0XN,8
SEA,12
WX1,9
YRY,9
69W,13
NCT,6
WNT,15
MRT,17
5F3,7
MZO,11
Q5R,17
CA1,5
R0B,21
0J5,8
G69,8
QX2,10
N99,2
GZA,9
AZP,11
UIJ,15
39R,26
UNZ,4
DHG,19
OW7,6
AFD,9
86I,7
P8I,9
X7T,10
3M7,10
COQ,7
VOF,20
1XM,6
GJK,4
G8O,11
ZHA,5
GP8,14
JSJ,5
MGW,8
517,8
MSI,12
FM3,5
UAQ,8
8HK,12
9Y7,12
2HX,3
DDU,6
YBB,7
TB7,5
3DG,12
1P7,10
J2I,6
YEB,12
8SP,10
QZX,12
CQX,11
VBN,13
IWM,9
QPB,5
ODO,28
BDE,6
12E,7
ZZV,9
QBE,8
9XW,10
3SF,8
80D,9
FAX,9
8NH,7
R5K,20
F70,9
IB6,9
DZR,12
NVQ,11
AG4,10
QRK,10
SLD,19
DWC,8
7MR,10
PKK,15
YLP,7
R5I,8
N2L,14
MEN,11
I2K,10
Q4T,10
W70,7
2CU,9
JSX,9
V7J,10
G83,9
RBU,11
M16,7
N1G,12
KSU,2
L84,6
1TZ,7
4OG,6
MVK,12
11H,20
7JP,11
4KF,13
LLX,10
CJ1,16
1QZ,9
7ID,7
HEK,12
BZQ,13
YTY,11
YJ0,10
38F,13
HC6,9
DNK,6
53M,9
8OA,13
80Y,9
RTY,20
WYI,9
MBB,13
06R,4
CO8,22
6SH,3
60H,10
2JG,8
EA1,9
JQZ,18
CYG,15
HEZ,10
FFF,13
NDW,24
XVR,8
YLN,8
2P2,13
WJW,12
1KJ,16
UHA,18
KLP,12
GYF,6
RY8,12
1IP,10
OHK,11
ZQF,7
8XJ,11
VWC,9
PA2,11
WLX,10
I7Q,13
1JD,16
X8K,12
KKD,19
5Y6,10
BDH,10
6OT,8
DDR,9
U6A,13
ZRX,10
F42,10
NPD,10
WC7,8
RYC,9
4ZP,33
VVJ,9
S8C,12
0NG,16
1J6,9
GU3,11
LO0,13
HB9,11
F8G,9
MTD,11
F45,13
KKL,14
NRH,9
BHE,9
FEY,12
1NW,10
EER,5
XUA,13
P5U,17
XWV,11
0YR,13
5KX,13
CSM,13
55W,6
TUW,24
1F0,13
UZP,10
GL5,11
4DH,7
THF,5
FIU,15
A45,15
UUD,20
VID,15
S39,10
5QV,11
SC9,9
RCT,11
ZL1,14
14Q,6
J2U,19
LZ8,20
Y22,11
6MO,10
VUF,9
TK0,10
8DQ,11
L5V,10
1AZ,14
96B,22
3YN,16
66J,10
5QD,6
0VJ,29
DN2,25
ZHO,16
R7D,7
YP2,11
QQ5,15
9IS,22
3AR,9
9PS,13
RCW,10
5D5,11
CCS,13
97K,12
UTQ,13
3YL,5
BVB,12
34G,8
H9J,17
EJ0,8
IZM,11
YPS,11
6U1,13
140,9
Q9L,10
4AY,11
OHE,10
EQB,15
SXV,9
GM6,9
IHR,7
ILR,14
QRV,9
TXB,9
EMI,24
C6R,11
XQP,7
D5M,8
UBP,10
QJJ,4
X7E,6
M8S,9
PPM,6
5H0,8
1L6,5
3I9,8
ATE,10
HTK,10
UUU,17
MJ7,7
Z1I,22
Z44,36
8LY,15
STI,11
DLL,7
V3O,10
F85,10
7OS,5
TLO,8
ZP2,6
ZUZ,7
A4C,18
WAU,9
NNP,15
2VS,8
SFK,19
OW6,22
71D,12
C9X,6
9R4,6
PQA,13
7J1,14
88E,11
OW0,11
3YU,7
1VH,20
IJ0,9
LUV,8
70H,16
0V7,10
9M3,13
PHG,20
TDF,9
65S,6
9C0,11
CGV,18
CP3,9
5HO,11
0TM,10
FJI,7
20Z,6
MAP,16
HK1,7
3IV,8
3A8,8
Q1V,9
RXE,13
O6Y,7
0U3,7
UFF,10
7SL,10
BHG,13
C5I,16
ZU7,11
PUU,5
SL6,7
R79,13
M8Y,12
3R5,9
7RR,7
SNN,11
2XY,8
Z8G,19
KQR,8
ADL,8
ZHJ,18
EG8,18
U42,10
47A,7
HAO,14
HQ0,8
765,15
U9C,8
CYI,11
HGK,16
XXL,6
869,11
8MI,7
UOV,5
VYD,8
J5W,13
6AU,4
6XQ,10
HUY,7
UKX,9
I6T,9
K73,11
CWG,14
L7N,14
BZH,15
N12,11
L3A,9
K4N,17
SYG,8
C1C,7
PQP,15
L3L,8
3CW,21
HD0,5
TS7,16
8WK,8
BO4,5
X8O,15
52F,6
V7Q,7
8YG,16
6N9,7
ZKT,16
6LV,11
CAT,12
TSJ,17
KDX,7
69F,9
9ME,4
REO,8
1UF,6
NWR,9
OSR,16
DDT,14
R09,9
3S3,12
IA6,9
K63,15
0AB,9
D21,11
O4B,16
C7P,5
08U,14
N8G,10
D29,8
TAI,6
L3C,5
M7B,7
BA9,9
OS1,13
RSN,17
Q9T,13
6IU,5
IXQ,9
7M3,8
OD0,7
L8P,7
0D1,20
OW8,5
MEZ,8
6WF,9
UZH,16
9MB,17
CZW,10
9HX,29
JXO,20
VU0,7
NXQ,17
7F9,5
6EG,12
CDQ,9
GBX,6
4C1,10
SI8,14
ON3,7
2EE,7
8R0,15
GXG,19
G1R,14
M78,20
RPZ,10
ISK,8
ZOX,10
4LX,7
6XU,11
2XF,18
5MN,21
N0O,10
70Q,9
07H,18
4YW,9
1F1,12
TEY,13
0I4,12
5PL,11
Z0K,8
KNV,5
L0X,9
9YW,17
NL9,12
56N,24
YBF,10
062,5
YSZ,9
46P,12
R4C,13
BXK,9
ZM7,9
AST,15
6JD,9
O5R,15
JYB,13
YHV,17
8N0,6
W9G,7
QRO,13
2SG,14
W4I,8
B8S,10
JQW,13
K74,8
S0M,11
CKO,8
855,7
S5X,8
TRQ,14
0M7,6
A87,11
EEK,8
NOV,8
TLH,11
JYR,9
IMV,8
L7V,10
BZU,8
IM7,9
KRD,24
0F0,15
EUF,12
LBO,16
MHB,7
YQ5,13
Z5B,14
GAS,11
J2R,9
9TS,11
BWF,12
K2V,11
RDD,15
P02,9
H8V,11
GMQ,6
8HP,17
A07,11
ZLB,10
2Z7,8
YP3,19
50O,9
0S8,6
KPF,9
UV3,18
RWX,11
AZY,12
60J,16
TYU,10
V88,10
269,8
30L,8
IGJ,11
VMD,6
K4Y,8
PCY,15
6WD,7
O63,11
DKQ,11
7CU,13
D0G,12
SH8,12
CKT,6
BQU,10
IEK,6
II1,8
FO4,9
OL9,12
SZ2,11
OHJ,6
DBZ,14
SKW,11
CLD,11
PUH,12
SK4,5
1U3,4
ZF5,9
FXB,8
FGA,28
CUD,5
OPO,11
LFC,8
MTA,11
JX3,19
33P,13
OI2,10
XLZ,19
2UM,5
216,8
OOH,28
1FP,13
U8A,8
DSN,7
YJJ,10
605,9
62H,11
ZLF,10
SMB,11
MTN,14
7NC,14
95M,9
9QD,21
FE7,6
QPI,7
ZK8,21
NYS,14
E3G,13
59C,17
KPW,7
C7X,19
3EE,9
J3I,13
ZPT,9
3DT,9
PE2,5
KJR,9
DB1,26
2WS,17
J9A,12
LH5,9
BYM,6
OA4,8
827,25
7SQ,19
GO3,10
ON6,17
SWS,14
TD4,11
KFT,11
UKY,6
KQK,10
5AU,11
S5F,7
4AL,23
V78,10
14I,11
3S7,8
HF5,9
ANR,9
CKF,17
O2V,23
KML,11
EXG,14
NGG,12
2MX,5
VNB,6
ODL,10
XON,12
K4U,9
YZF,6
XU5,14
L71,5
H00,11
EAL,5
M7V,12
DJ4,4
DYB,18
KSB,10
11C,12
PM0,10
YK0,8
5CA,19
LMN,8
F2Z,13
IDN,11
FLL,13
X8W,8
HHC,14
DVW,22
NFS,8
B3D,8
SYV,20
N74,12
IT0,10
E3O,7
P9R,9
IEE,6
9RX,10
KPY,12
LGD,7
TIV,11
6CA,10
03L,10
NT9,10
SN1,11
AK7,32
FZA,23
R47,10
FRS,13
FNP,17
948,11
4XB,13
GY4,12
ABU,6
UQ2,11
UOD,9
SD1,12
S5W,8
N7N,9
ZMQ,21
MP1,8
JE2,25
BQT,17
ZOQ,6
D4R,10
M8B,20
09M,8
LY1,17
B9L,11
II6,10
OL6,9
8Y9,6
P60,6
K9L,9
CNH,3
YWO,13
23G,20
5UK,8
OUY,26
AYE,9
Y0A,12
AI1,22
EDP,6
19S,15
UX5,8
NYH,13
98U,11
L7L,6
W0P,6
KLJ,8
LIA,11
6K2,15
MC2,7
O04,18
R8D,7
9U8,7
HCS,18
G4S,22
PIP,9
ZZK,12
FXJ,9
V6G,21
LXK,22
7NB,14
WCV,11
6BQ,12
YL1,6
63Y,8
7WN,18
O0G,14
ZUO,10
LIT,11
U3X,7
VE0,8
X1A,11
BR4,14
QD0,5
SHO,11
TDW,3
3L3,12
DZI,4
0T1,16
DUA,9
7YD,11
AN3,8
RS1,17
A11,11
T1W,4
VAD,10
W8A,10
15L,6
G4A,14
A69,13
XNV,9
GCZ,16
SDM,6
K95,8
ID4,13
U2V,15
LA9,8
8SM,12
8G9,7
0WC,9
EN5,29
HWG,8
87Q,9
QRZ,7
4IZ,9
ZCB,13
0X4,8
GVA,15
1VE,8
MHR,9
CGP,10
J4A,4
980,17
JZ2,6
5AW,8
NS3,12
AJX,12
KBT,14
529,12
3H3,12
VB3,10
BHT,8
M13,13
4CI,14
D1Y,9
TFV,12
AVE,11
SA9,9
VXW,11
4UB,12
3PP,10
YZT,8
ZX9,8
MZJ,10
C04,11
ZE3,18
OIT,8
ECG,8
6EJ,9
Y3W,6
RN9,10
6H0,8
ZDL,18
GZV,7
ZX4,11
IB1,13
22B,8
XFO,5
VG2,14
HST,10
VQ7,6
8VR,10
UTK,11
MCG,14
13R,8
5N3,9
NHB,9
K2E,9
RSA,8
8HD,5
B9N,29
5CC,9
Y8O,11
2Z8,7
WJX,29
1TV,6
CPM,10
EB2,7
NU8,9
WTB,7
ASS,8
6Q3,9
8KF,12
GC4,5
AZ2,17
VCW,10
ZLJ,14
T26,12
YGK,11
SF6,9
B0I,8
EJV,9
YP5,13
MC5,7
R6F,6
UL2,12
DEP,12
FK4,20
9I5,10
ABN,9
XDE,9
FVD,8
Z0E,15
P6R,11
MAG,14
WW0,7
DTX,9
7JK,9
640,8
2ZV,15
ETV,9
J41,16
YSM,12
AED,6
BTO,16
CFN,16
25I,9
49I,11
PHM,6
MX3,9
QIT,9
UKW,11
7DI,8
HD8,5
SHT,6
CJI,5
VIW,9
24I,11
VP8,8
TFJ,7
DRP,8
BU6,8
8R2,8
MWR,10
DXG,9
VST,5
WNJ,9
TXK,9
0G2,4
1IB,10
FP2,13
6X3,9
FZF,6
3V2,10
4T9,5
O2Z,8
WPF,8
FQT,17
GWM,9
WYW,8
36B,10
NLC,9
1T9,9
UB7,8
8HM,16
RG6,7
34U,10
VU6,6
RSL,7
A88,13
CZ5,9
1BK,18
63V,13
HIO,9
84Z,24
E1B,17
JXT,5
524,10
P7I,11
6PN,12
97B,8
F1T,22
T2H,9
91R,22
5D3,7
SD2,13
VQE,15
C1X,7
RXN,16
60Y,13
PRQ,8
YTM,4
3IA,19
2H7,8
NWH,11
FB3,7
UMD,8
VAP,12
2VL,12
HL1,12
DFQ,9
1L2,12
MFI,9
DZ7,14
2TJ,5
Q8R,15
K2G,18
BL8,9
VY4,14
XHC,8
PWB,11
WIH,8
LTD,10
RCZ,15
BXS,10
91G,5
MIF,10
NB7,16
N3I,15
9FW,9
D2G,9
RXG,6
JDW,11
14H,14
WAT,7
D19,12
A5U,11
FNU,6
JFA,9
8AH,11
DGB,7
KRC,9
E22,10
XZ7,10
8ZA,8
7O9,10
LJK,8
D61,13
RFM,11
XR0,6
HXV,10
Y2P,9
B5G,17
C92,8
F5N,18
J0A,23
RUX,11
ZZL,23
0PQ,10
M7O,8
7CI,7
VKQ,9
7IS,18
HV1,8
DKN,12
3JW,12
IMX,9
IDI,15
1FE,8
0GQ,7
NJ7,10
V6J,9
KA5,11
32V,21
KG0,11
S7F,6
TCN,14
DCI,6
6W4,8
WJN,7
GXE,7
6M2,11
VLC,9
ZFZ,13
BMB,11
W0I,9
CS1,10
0ZR,8
1TP,8
HMX,18
3O4,10
19R,3
BGU,12
FAV,10
I51,9
OWC,20
YCP,15
G8G,19
VBJ,10
QDM,11
M64,13
BXU,5
9LW,13
KWA,23
C9K,9
GOA,14
K5X,8
1WS,4
ARP,9
PU2,10
S2O,12
NLL,10
H11,10
OZ8,6
00H,8
7B6,9
PUI,5
MDS,8
ES6,9
897,8
K5Z,10
EGA,14
5XB,9
PW6,12
714,9
6FY,12
NRK,11
OQI,20
QB8,5
6M4,21
W3G,7
G4L,16
LUP,13
HBA,5
MHT,16
SCZ,6
850,4
N3V,7
JE8,9
C0O,19
G1L,8
G9T,4
HHR,16
V7W,9
5V4,13
C51,13
0Z1,8
QX8,14
312,20
7OW,16
Z75,10
WHK,12
7FP,5
MXQ,9
PAA,16
6OJ,21
501,12
P7T,11
WVR,12
F92,13
FZ8,13
0R7,9
QFT,10
05H,12
Q3P,10
ZA3,12
JEL,7
DRX,9
ZJR,6
X8X,5
FKN,6
C0B,8
79J,5
L5T,6
2YN,6
MHF,15
B87,5
OVF,5
2TO,6
JVW,11
2OP,7
INP,11
W1Z,9
F4P,7
566,8
4B6,10
VSF,13
3MI,9
IKD,9
755,12
K53,6
MI2,26
1PX,10
HJD,10
2S3,6
UIP,9
1GY,6
SLV,16
VHO,6
DWW,5
I2L,11
8BX,16
BWC,10
NQP,9
8UZ,13
ECE,16
HG9,9
ZOA,9
XDZ,6
PAB,7
VNO,10
5PC,5
JPM,9
6SL,11
RRH,9
JUP,7
2LI,10
XNY,12
SNO,13
44M,13
YIY,14
WYE,9
KVR,8
DQ0,14
VJU,11
GTA,14
ZCM,19
VS4,7
1LC,5
NM1,6
XMU,10
FF1,13
B3J,8
RHX,19
J3O,11
BWR,16
T0Q,3
Q9Y,15
VRS,21
5M2,14
6WA,15
6JI,11
DA0,7
M6O,9
8DN,13
W93,5
E1C,22
H9R,20
KSI,10
FO8,6
MN2,12
XYQ,8
Z2Y,8
RBJ,16
W5U,11
34E,10
A5X,11
EZR,9
9MM,10
NZ2,7
8GF,8
ACX,17
QQW,7
TTN,7
DJ7,9
HUN,15
77K,11
SZ8,3
QZY,12
7XM,9
Z67,10
LC7,5
YT4,6
Y78,16
04X,9
M0J,10
61V,20
GRX,9
VUB,9
TAN,6
KJO,8
V3T,12
278,6
7OT,7
GW7,7
WGW,25
LL1,15
Q54,19
QNM,15
FN1,14
5TU,9
U94,8
WHE,7
887,9
LP2,15
90W,10
CRT,7
UR6,6
ITU,7
QZF,8
RAU,8
HZA,8
RP7,10
V3M,7
MKJ,13
0HE,6
F3W,9
QSB,6
12X,9
H2G,20
0Z9,7
5G2,7
JJ4,14
YSS,8
BON,9
ZMI,7
EX5,16
K6T,13
DFO,7
XQY,12
BHV,10
SG2,12
VQQ,3
EJU,14
OL2,8
01R,12
1IL,9
EHE,16
WBT,8
BYK,19
MK6,17
F09,10
Q5T,12
V1U,12
WX3,11
HYZ,4
0AM,18
CQ7,6
ZQ4,27
IAW,13
R5R,7
RY9,6
S4K,13
ZM1,6
Y8M,9
RL6,8
ONW,9
5BF,14
P1F,8
HW9,10
N9R,9
MXK,8
AR7,12
YRK,12
932,16
5GB,6
Z6M,21
M0W,9
UJK,9
WBM,15
KI6,10
0TI,10
7C1,9
172,9
7BS,13
VJ2,15
BQ1,7
FZD,6
Q5P,11
73A,10
ABS,11
M62,9
5TH,2
WN4,10
RGY,4
W71,10
LJ4,10
G6D,2
JWQ,10
FSW,6
S0V,16
FAM,14
CWU,44
XE5,18
7PE,9
SDU,7
G2Y,11
OYH,8
Q7G,6
MNT,13
Y3X,15
3CI,8
8OW,11
QWA,9
08X,13
LUM,13
4XR,9
ZCE,10
QFI,11
VWG,15
S5N,13
S7Y,12
HW6,19
00O,12
ZAY,10
ZR6,6
P9V,6
IXG,13
LKH,9
R4P,5
VKY,7
E15,6
01A,9
HQX,12
3GQ,11
E1S,7
2BG,22
1MR,4
4BD,7
RHE,16
0A3,12
69I,10
3V0,17
WWH,12
1OK,19
I26,6
14R,7
HIN,12
VRB,9
GOW,12
1NU,8
MPT,10
R84,11
TRV,6
FQN,20
2V5,6
JZW,10
237,18
LH4,9
SKL,17
PAU,9
LXG,8
3SM,6
VO6,9
OKV,13
HIZ,9
C2Q,9
53I,15
GVI,13
UKN,7
BYU,7
LO6,13
FCW,20
7FW,10
L2N,19
R31,28
ZXD,7
4BT,6
58F,5
7W1,10
8JR,14
UBM,9
9MI,16
GJH,12
XRV,22
GAM,4
U6I,9
B1T,7
CK2,21
SCR,27
PT7,21
QYS,7
M3Q,20
3R4,12
QKA,9
0F9,6
CEI,14
1JR,11
H4L,7
9F4,8
R3W,9
XXP,9
P9C,7
8PZ,20
NZH,6
5TT,8
7RN,7
L7Y,10
B8C,11
2LA,6
8PS,10
I8N,10
83G,14
TUU,11
X98,7
5S5,10
8LO,9
8JD,13
AOA,10
8QE,7
UPO,29
0G1,10
KV2,9
QDQ,7
ZIJ,10
ZJC,17
6PF,10
7HH,8
FFN,4
7XA,13
2KY,13
RFF,7
MVO,15
Z7G,7
6ML,14
SPH,6
CW9,10
P5K,8
F1S,7
8IP,14
K9D,10
S2X,15
MK2,8
SU6,11
F1L,22
7C7,11
1ZQ,13
WV4,7
1YN,8
RDG,6
JW5,8
B07,14
655,14
FBJ,16
9KM,13
GYU,12
Y1Z,8
EB4,7
XQZ,10
9IQ,12
889,11
VTI,12
X6J,12
GH8,16
597,11
46B,8
BGM,7
R0C,11
SNX,10
2ED,7
3YQ,8
80W,9
RAY,9
V2K,9
SUK,12
2CX,10
BP8,7
S07,8
FMT,20
U79,9
IV8,11
WH3,8
81I,7
UO1,10
IET,10
8LZ,10
77E,6
A5N,5
EX0,9
EMR,11
IV9,12
PS6,12
JK5,7
3JC,9
5T9,8
530,10
USC,7
HN0,12
92O,14
KO1,11
J8F,7
LGC,14
NES,4
M8E,12
N7J,10
MSN,5
XOS,22
YOI,8
8VF,12
OB5,5
RDN,13
FR1,24
1FG,12
APT,18
O0K,4
EA2,8
Z72,16
RH4,12
W0N,10
3G9,10
ZLR,12
6VQ,39
WSW,14
LH1,14
K75,10
GA5,5
C9F,7
Y07,9
XYX,5
0AY,10
O4Z,7
JY5,11
1CB,15
ZLU,13
8WZ,12
JLQ,8
SW6,11
4WB,8
MRD,9
M3Y,7
BYT,15
41V,12
M5Q,15
BT6,28
P5R,9
A2X,8
FDR,7
0E0,8
DMM,27
C17,13
JPA,7
98G,8
GYD,9
S1V,11
ZWI,11
10H,4
6HO,12
8ST,8
QXB,9
17U,12
KIS,13
IDG,9
ACQ,18
UWT,10
BME,7
MTX,10
UGU,6
2RP,13
7GZ,8
S7D,15
OFB,8
XLU,15
Y6L,7
E65,4
DF2,12
EWB,9
Y5C,14
22D,12
K90,13
1IU,10
D57,6
D6P,11
BJM,11
O9B,21
NO8,4
XBG,10
8BY,8
OMK,4
GIH,14
T4G,21
H2P,12
BU7,11
2YS,7
VEP,7
ARO,13
DV7,8
IN0,6
W3O,12
FED,11
GOG,12
4WU,15
X5G,23
ZN3,8
HBG,8
DX6,6
W5T,14
U09,23
OJA,11
SA0,11
KBR,7
V0S,15
L8J,14
UYR,7
REA,9
12C,12
O0I,14
9LQ,8
Q37,18
8LE,10
4EM,13
NYR,15
JQ3,10
Q84,5
JBL,10
RHH,8
MN0,9
K14,5
ZB6,22
EBB,11
2NT,10
T6T,5
K13,10
UGK,7
5DQ,10
0P1,12
TOV,7
QG7,17
M26,10
ZHN,11
MEA,9
YUK,8
3J5,10
MEW,11
OVH,11
V04,9
Z2A,8
1VO,10
4CT,9
AD6,13
9UF,6
6UM,11
T1B,10
EW3,6
0X7,8
OQ8,7
1CR,10
8MU,9
BUY,8
ENY,6
2RB,10
ZUL,17
N6F,3
ALW,13
16P,8
778,9
6RQ,7
59X,12
TUE,4
UN5,21
39U,7
7AD,18
D35,10
VGV,9
AFM,4
6HR,10
ZAF,7
QF8,11
XK3,4
0YP,8
ZUP,26
5O3,6
2P4,10
XR8,19
VFZ,6
5OP,3
ZV3,9
BFH,11
XCD,7
PNW,7
RH7,9
U7D,7
ZWN,11
BVM,8
EHW,7
8GB,11
ZSO,7
SO9,13
OA7,18
ZMO,10
BPT,7
82I,8
O2L,6
S5D,13
88P,10
03U,16
2PR,12
CSO,9
041,9
ZDC,16
C3B,7
1I5,11
OZ3,20
Q0H,11
KHF,6
MFF,12
KPM,8
G0I,7
HOG,11
MMW,8
S3Z,9
LF0,12
Z0Y,9
XU6,9
E9G,6
DKG,8
DQ1,9
LBZ,6
CV3,8
WOI,5
K3J,6
BIP,8
XEK,7
LGI,18
OQL,8
3FO,9
FXP,6
801,9
ECD,10
T0A,17
B4P,7
ALG,9
IHQ,11
YFB,6
IB8,5
AUN,13
D2V,5
NUP,11
UHH,9
DGZ,10
K91,6
Y9W,14
4MU,4
JIQ,16
SXO,6
W4A,9
4CR,10
5FO,9
S3A,5
W6S,9
QMO,10
DO1,8
1HT,13
QIM,11
WS7,15
LXW,9
J3Y,14
1UI,5
RS5,8
GM2,6
X85,7
8HI,11
DFU,8
0OW,12
JXI,9
QL2,9
6WV,11
UU1,12
BN9,9
Z7N,15
PZ7,15
Q9D,14
TZO,10
NGN,8
M5V,11
ZE6,22
HTR,11
ED9,11
JN5,4
ZOL,6
KEC,6
5TO,6
GMJ,9
8BH,16
QCP,7
1IA,9
VL3,11
0I6,6
XAQ,8
G8V,7
23T,7
WID,8
LJE,10
YGN,15
4V7,18
5R2,10
ED1,6
290,9
H3G,6
KL0,8
QLR,5
ZX0,8
WMX,12
QQM,10
WIS,8
ALA,14
VKR,6
LEY,12
MNF,9
3E3,9
M63,9
HGI,11
N6P,7
XJB,9
HSA,14
FU3,11
GMW,12
BMX,9
R2N,21
T3D,12
PLS,10
VZW,15
UYT,13
DY2,9
Y3Z,7
DOA,15
E2X,28
HJ1,9
M42,12
DN4,8
VZN,13
WKP,8
M7K,10
5UQ,9
T62,8
3KW,7
FWU,7
CLP,12
42O,16
2WE,12
YPZ,12
DI6,12
EIU,11
F6C,8
I4A,6
57A,10
GX0,10
480,5
636,14
J01,8
FQS,10
KL9,14
ADZ,7
SE8,9
SAQ,12
3P8,11
J66,20
ND9,8
CLX,8
ATT,9
H1I,10
YTC,10
1YS,6
KR3,10
44G,11
VOG,6
OHX,10
5N6,7
0XI,7
NTU,15
DUV,13
8AT,8
RXK,11
BW6,14
H7U,9
Y4K,9
NE3,13
9D6,16
YK1,9
DDF,10
W8K,9
U29,9
UWH,27
KBD,10
PHA,10
LZC,7
T7V,9
VQB,15
H81,7
051,17
49E,7
KO2,11
WTA,7
D4S,10
633,14
Q8L,7
5LT,11
XB6,11
UIS,9
Q33,24
HOE,11
JZO,17
D37,13
OOF,13
G14,11
ITF,8
LX7,9
3KZ,3
U3W,10
75Q,11
GE8,9
25Z,12
WUJ,11
0NW,13
KDO,11
K7V,15
21Z,16
A75,21
OBY,10
HVU,10
4CX,9
BJ9,9
8TY,11
MOM,4
882,13
UCX,8
RU0,8
8ZV,14
QLF,19
25Q,11
PY0,3
GLR,10
MHJ,12
G1X,15
YD9,10
4CD,6
90D,21
79Y,11
4BQ,10
3VT,7
PZ2,6
7M8,8
Y1J,7
ZBV,9
8AO,14
SFX,13
5YZ,10
9SL,13
Y6D,14
8YV,8
Z9S,10
Z34,7
50R,8
R4H,13
D8J,14
LUJ,8
BGL,9
7C9,4
R8O,6
DBC,12
F6D,28
7BB,5
44U,7
7PO,12
MX7,7
4HU,10
EU1,7
6YA,16
ROR,8
89U,10
SLQ,10
VCL,10
JEJ,17
ZLA,8
NCK,21
M06,10
N1O,23
4ZD,6
RH0,9
FHY,8
SNP,12
EBX,12
KBP,14
VQ8,7
H2T,5
ZB9,11
YXW,11
T9M,10
U5I,11
JJX,8
6MY,8
9FN,16
S7A,12
2W0,7
SJ4,18
1JT,14
N6L,6
6MW,8
K4F,3
OY5,11
9EV,5
EES,6
ZI4,21
C6Y,7
1IJ,12
PJT,5
FYN,12
D30,14
SX1,12
3N0,10
Z3K,12
1AU,18
OJ1,9
002,8
9AF,11
9OM,12
5LP,5
5PE,9
9BH,6
8IH,13
1ZS,8
PFZ,12
PTM,4
790,21
4ID,10
K44,5
XT7,9
NAS,17
KBV,6
YGA,19
NJM,15
31C,10
S4S,27
LJ8,12
B29,9
VH0,5
9AB,10
HW3,7
DWL,7
JCE,10
X0H,10
V47,9
NVE,19
1QQ,7
DIE,8
GFS,6
MFY,15
F1V,11
KXR,13
WL7,7
NBJ,12
ENG,6
LW4,7
0XT,10
1ES,14
07W,5
5X0,7
0UD,7
R6K,14
NFW,10
JT6,12
8ME,12
T5H,14
YZ5,9
8NF,8
TG3,12
AJR,9
E71,8
MH2,8
8JQ,11
ZLV,4
Q28,9
8YP,9
8V8,12
ZA7,7
E41,26
DMI,10
KKT,12
7B9,14
FOF,9
FPR,11
EW2,7
TQC,11
WED,3
DW2,6
MM2,7
CSW,12
KWI,18
4V9,10
1WH,23
8CN,10
MSH,7
652,9
TPP,7
LAX,8
69C,9
KMX,15
UC7,9
38B,24
GJE,8
7KE,8
O8Q,5
FCY,4
33Y,8
RRM,12
OIN,10
XAF,14
UTU,7
X2A,20
AKA,10
JGM,4
J2Z,10
9JK,6
B5S,12
Y5H,12
IH3,13
RWJ,7
USW,19
T9Y,13
IKQ,6
5YG,11
3BZ,13
47R,8
VJC,9
2Q3,6
4E5,15
48S,10
IO3,8
0VL,3
VUN,13
16G,8
1RO,13
30M,11
WIU,8
Q49,15
WN6,5
4YM,11
NPJ,9
Z65,13
241,16
EV8,18
9UL,9
2D7,13
8KP,9
7U2,13
G73,19
322,9
T03,13
T5G,15
XSI,11
PGY,5
JID,15
TAC,7
38P,10
0ZS,10
Q2X,10
BRU,10
2JT,15
3HK,18
HM1,9
N3N,13
PG5,8
UK1,10
VS6,6
TL0,9
JD2,15
3D6,16
YMU,14
42U,8
BJV,15
367,13
126,10
N68,6
DAN,7
PK0,8
0R1,5
HA6,10
D11,12
DRU,17
VEO,9
6V5,8
O1Q,12
AC8,13
MLY,8
HJN,9
XVC,15
NGF,12
J8S,6
H8B,9
TV2,7
L0Z,8
P1T,10
XSR,20
145,17
61Z,8
YDO,8
EN9,9
53B,10
QQ4,8
4W7,8
LSH,12
FW5,12
P73,7
129,4
JEY,5
50Y,7
XOO,20
YH4,20
SAO,9
1QM,11
HNY,7
0LB,18
DMJ,8
GOL,9
MZZ,6
P93,7
S0C,20
ATH,18
I7J,22
AO7,8
JV0,8
GNY,5
53Q,12
GQC,15
SHJ,7
9YH,10
FTI,3
751,11
BQ2,10
QJF,4
K4V,7
7G3,8
47P,4
PNK,10
KJL,10
F5Q,11
009,14
6U4,9
F9B,8
VKJ,8
G6M,11
DKS,9
NWB,12
ZK5,14
ZQN,5
WAK,9
D52,12
X7K,5
5MD,21
ZGA,12
RP0,10
9JP,9
PV8,15
BP2,11
9HI,11
9VZ,10
PSD,10
0N5,6
5I7,9
7FM,10
WGS,10
UIW,10
0W8,11
1EO,4
CLS,10
KDN,10
OCN,10
076,9
DQR,7
248,7
73B,5
AYX,10
2YC,8
9B1,8
AC9,10
I80,19
LCA,8
16R,10
CXY,8
0XA,7
KYT,14
43Y,10
3X3,8
AHK,6
3M6,10
9JB,11
EXX,13
ZJ9,18
5TX,11
FUD,7
OED,12
I7R,10
EFF,10
45F,9
0QP,6
XCH,10
T6A,9
EJE,8
O1D,6
KKM,18
ZEJ,10
AQY,8
7ZX,13
JTA,9
O7Y,6
DA1,6
8MM,6
56X,11
G0O,11
S30,16
K9A,11
SWX,12
44X,8
TQ9,8
Q4U,10
1C4,6
GU2,12
PYA,18
IF7,7
IYY,6
9GT,10
P2A,8
6CB,14
80M,8
PJB,14
7R2,8
IRZ,7
K1A,16
7VN,7
2DQ,15
ZDA,17
TS5,8
1C7,9
CKJ,14
CMR,8
WU2,8
PCN,9
4A1,8
Y4N,14
2UZ,10
KO0,6
HEM,21
JPN,8
W1U,8
W2K,10
1NJ,6
HAB,12
JOO,15
LEH,7
CI7,10
X2Y,7
6UB,10
T7I,7
72Z,10
YVO,11
DSZ,7
ZP0,6
YDW,14
XME,11
0U2,19
JUU,12
J20,12
IIL,12
XHB,7
J6B,29
18B,6
7HR,8
R8F,5
O7H,20
WY3,12
FVI,14
UWU,10
QHO,10
N0J,8
UO9,8
PKP,16
EVG,8
D7V,8
7CA,4
0JO,25
EK7,14
S4G,8
LPZ,11
DXO,17
KYY,3
EAX,7
KKG,12
35K,12
YA3,16
FAG,8
PUP,9
ZDM,9
U7L,9
ZJX,11
81D,13
ONU,5
7Z0,5
YO4,8
GEF,16
99M,7
EMK,7
YJG,3
5C5,10
GZJ,11
9S5,5
SDP,23
WPR,14
NF8,7
F18,9
RF6,10
HLG,10
OP7,11
OKF,11
RJX,12
1QW,11
V4R,5
PPR,11
E5A,10
B16,9
8K6,9
1LH,10
GEX,8
WYD,17
O68,12
TKT,9
7OH,8
AZ4,4
6IM,11
VU8,11
TE4,12
YYL,13
SYK,8
HR2,12
N6R,10
GCK,5
5AQ,14
TXE,11
ZGM,7
F2D,10
BCG,12
HZS,8
BXP,8
HZ7,14
2Y2,7
P7X,15
HXP,3
AQT,10
GTD,9
TRZ,9
L3S,11
GLD,9
Z05,7
88O,10
BHW,12
CD0,7
KNO,11
W9P,13
8V5,10
3YA,14
41X,13
N2D,10
5D1,9
D87,8
MVU,10
0BL,9
9AA,10
WYO,12
Q6V,12
3GN,7
3K0,11
EGJ,8
6JL,11
XUJ,7
4PL,5
U5T,5
ROK,9
8L1,12
82L,14
ZZJ,9
79N,24
5YS,5
ICR,16
BT7,8
RC9,10
IXK,11
BBP,9
QCY,9
F3A,11
R0A,7
U1K,10
3M9,5
E1O,10
2WJ,15
4RH,10
C39,13
6G1,9
GVP,11
43K,9
9ZQ,7
4GP,4
Q8P,8
2EI,20
ZI6,17
5KE,12
A8G,14
2EP,14
6JB,7
JRK,10
EG2,18
9AJ,12
VK5,7
L89,12
A85,7
Q6M,17
CTM,9
2ZD,8
KOM,11
8GY,13
73X,25
OQA,11
5F1,8
RQK,5
MF4,12
W4L,9
WAM,6
7S2,13
EZ7,10
MTM,20
AIQ,13
2ZE,11
8ZJ,11
N4X,8
AQV,9
1ZV,11
MI1,11
44L,7
I0H,13
V1C,4
HGG,9
FLA,8
CSS,9
X9O,12
LZL,6
91F,9
NS9,8
XAG,9
7SS,12
HB5,11
7A4,8
C27,7
Z0Z,6
EKO,8
YOZ,9
HPO,18
QBN,5
CL5,8
LL7,13
D5J,16
WWF,25
HF9,15
OJU,16
W8S,8
MKG,7
JX8,5
W60,11
0BP,8
G9F,10
0HO,8
UC0,10
3GS,7
LC5,7
7H5,8
KHK,9
VGF,8
23I,23
Q4D,7
IIT,8
JOI,7
EZY,9
47X,7
H1D,9
COF,16
E34,10
F4C,11
N84,16
V9M,18
MBW,13
MIW,16
J50,13
74H,19
LXQ,6
8WY,16
R42,4
4TA,7
259,13
OKB,12
LPX,11
V2R,7
3HT,23
OVJ,11
DUX,14
SQS,10
U30,16
TZ5,8
OYE,8
HT1,11
N66,17
9QW,8
FLZ,9
O4R,26
CZ1,10
HSJ,10
EIZ,7
WH1,13
CFB,8
56B,12
RT1,9
058,18
BNQ,13
RVK,14
TIZ,11
1V4,8
7ML,9
UYH,8
GZP,13
LNV,8
Q3R,8
SKT,22
TEM,9
TXF,10
I9O,11
B4H,11
WYT,7
BZN,12
7K0,14
BMW,4
UKD,11
OT9,8
IFT,8
HNN,7
5RJ,5
2UC,13
K6O,17
UPQ,11
BUI,7
7G5,7
4VG,10
E31,7
9W0,13
PT1,8
SNT,9
3NK,11
JWR,8
JUB,9
8L2,12
SZ7,18
E9H,10
F9M,12
TUT,6
G3R,12
UZT,6
C59,13
TTG,12
PWV,8
7R4,9
VRK,6
YBL,11
1BA,8
VMA,8
TF0,11
JA1,10
XDW,8
JV2,11
5CK,10
FS1,16
HNP,12
9OW,21
I9V,10
N4L,9
VJP,5
EMZ,21
2XP,9
3P6,15
NT7,6
BZ9,10
NDR,14
JWP,9
4MC,7
YWM,14
Q7I,15
9C4,7
S5Y,7
LY9,7
FMS,9
R9B,11
CE8,14
9WW,6
AX7,8
6ZT,12
5Y9,10
E40,8
J58,21
D4H,9
SOT,11
C8X,10
OVN,12
VH1,11
P2P,6
49Q,7
UMR,7
V5M,6
2FT,11
WEO,6
N6E,8
HOJ,14
ZDH,5
9LX,14
KH6,8
1H1,6
Y4J,3
2OY,8
LQA,8
QVA,13
3VU,14
795,8
WGG,10
WVZ,19
TNQ,5
9JE,12
QH2,11
33T,15
5QT,8
O27,7
FJW,3
11L,12
PV3,11
9SZ,6
OJW,6
LKG,8
W1C,7
BDA,9
RIA,16
PZ1,12
G7C,12
A8X,8
5FF,9
W7Y,24
781,12
JQR,7
6FR,18
RNK,10
3VZ,13
YOP,11
AW0,8
26Q,9
FVQ,6
51Z,13
JO2,12
C7W,11
QNG,17
31N,10
NOM,8
Q5Z,10
SHQ,17
WPO,12
LDK,11
S5A,11
810,9
HFU,7
7K4,11
W21,10
10X,10
A25,8
46L,6
JG2,9
7U8,8
MK7,7
BNF,29
U3N,11
HX8,6
8YH,6
RM0,8
T7E,15
UNN,14
RZL,8
CNM,10
5FJ,9
0W2,11
P0Q,11
S9O,5
V19,12
D91,15
AJU,5
IAU,6
TDN,15
50Z,22
X31,12
6RM,13
U6X,9
FUI,9
VHR,8
PYY,11
TSE,13
Z12,16
ZXN,9
IZ6,10
E6B,9
SLU,8
YQS,5
KIA,13
WD7,16
POH,5
55I,13
BNN,12
X3A,8
BI4,5
0PG,7
ABX,12
CGR,8
NCG,24
PZF,5
0PB,7
HNH,15
PHZ,10
S25,7
IZ1,10
BKA,9
OJF,11
KUA,8
FX9,13
85G,13
0LS,13
034,9
ISJ,12
ZYE,8
SS5,10
D2J,9
591,10
M73,9
T3F,7
9HY,9
QEE,11
BMJ,8
RER,9
KER,13
05B,10
19G,18
1RZ,19
HF8,23
NT3,10
5QW,9
WSL,12
GI7,16
2E4,7
2H0,9
Z1L,12
1EJ,8
PFS,5
1LQ,12
YTD,8
9VU,10
UFL,11
CXM,12
JXD,5
W3E,10
FR2,12
LDO,11
65B,3
DCG,14
VCJ,14
F5F,19
OCW,10
I3N,10
TH4,6
BDI,11
EKP,14
AEM,7
MLJ,10
SPN,7
5IQ,13
PGK,8
RHT,9
CT7,8
64U,11
BJG,11
XSV,9
G9L,9
E59,7
QZW,12
KBZ,5
D6R,13
CIP,7
IL3,16
3GG,7
IO7,7
KFP,6
IBK,7
1R7,8
G1T,12
P7G,14
4RR,6
SSW,11
H04,8
OGW,11
7P5,13
F02,9
3S1,7
0HD,9
XL1,15
OFC,10
IXT,14
OE0,8
1K6,11
HQ6,14
EHJ,13
D1N,9
OUW,10
IT4,6
V0A,8
EY8,11
51F,11
226,8
WBP,12
PMD,13
9WQ,13
DIG,5
SKK,10
QLW,8
U0W,9
RRT,13
G6U,13
CM6,9
KS8,6
EJC,10
K9C,15
6IP,6
XWM,8
XR2,6
H07,6
3XM,23
6D1,10
OQK,2
QS0,10
6MZ,6
X56,5
F30,15
FTM,20
9B9,10
FS0,7
O6V,10
7KD,11
00J,6
YAM,14
BNR,8
08Y,10
DH3,9
G17,9
EKD,13
MLK,12
DT1,11
JAJ,8
30K,10
YCQ,12
FXX,8
499,5
XUC,12
C3Z,7
1EV,11
N1Y,18
MGA,11
6IT,12
WSH,8
G4D,12
Z1E,7
YJ3,13
TP4,9
PR3,12
E8B,10
THW,8
C7V,11
UEB,10
W7Q,11
37T,5
OYW,6
N2J,9
EKM,8
ZG2,11
TWD,10
4BH,9
231,12
RUG,7
1YL,18
Z9D,24
HTB,9
93X,14
C68,6
KW9,9
R2G,4
SL7,9
1VF,17
DHV,8
Q6G,15
4Y7,10
TUM,10
RND,7
F1U,9
S3M,11
TI3,9
L67,14
1J7,4
YVA,8
V2A,3
RL5,8
R0F,11
GY0,9
2UE,10
CWF,7
BB4,11
HYH,14
9WA,8
ZCN,12
QL4,5
UFW,9
8QV,11
BDL,8
TGG,13
HH1,15
34C,15
798,10
T89,7
596,10
974,16
Z9B,12
Q1L,7
QUL,18
S3W,10
YV0,14
RYR,12
0R5,11
YGG,4
NJQ,12
1DD,7
XQC,8
TFE,8
8WV,11
XR3,11
JZD,24
F3S,12
21A,8
CQQ,9
YM7,7
USN,15
81Y,7
LUO,8
987,12
V18,17
YXT,9
O73,8
S05,8
0CO,7
BYL,11
ZZB,8
USM,10
97H,7
59W,8
ROZ,7
0XD,10
P1Z,9
5NW,9
1BT,9
RQD,17
RY5,11
PAI,8
43I,13
ZGN,15
KWY,10
L1Y,14
7GB,9
YKP,8
9CC,12
15S,7
KH8,13
6C2,13
IC5,7
GZE,10
2TV,11
NQ1,6
XQ8,9
7MU,10
19T,5
1M0,8
JF2,14
VMJ,19
3Y7,6
6IW,8
Y1R,10
VZ3,9
BHI,9
8UH,14
VAZ,10
PB6,11
STX,8
QGQ,5
QXM,8
1AS,11
8Q3,12
E23,9
MKC,7
NWX,8
RSC,10
B5H,6
RN6,6
4VA,8
MG5,11
JM2,9
ME1,7
JKZ,12
4YX,9
HJ7,5
ZC5,6
LK9,12
UFU,10
5AY,15
J09,7
JN1,7
9LC,9
9RC,11
QXS,7
GPL,20
MY9,7
SII,13
OV8,9
MX6,15
QA0,8
JGB,20
VMF,10
Y0H,13
XPJ,9
1TY,9
IGF,11
XM1,7
D8E,9
1C0,6
8G5,7
L8H,9
YDG,7
S0I,15
R2K,8
R7V,6
0YO,11
H2W,7
MHH,4
41P,11
4IX,10
1LY,9
6G5,12
0DT,9
866,7
P08,9
MAL,9
C52,7
Z4O,7
MXO,8
5MM,7
STM,12
VJ7,13
1LM,6
SWO,8
Z8N,7
SLN,9
H43,7
NKZ,10
2JL,16
47T,8
OEV,7
WFZ,11
UUE,9
5MS,10
GBF,10
9QT,19
DTK,11
ZZX,11
9D4,11
TSN,5
FHV,5
89A,19
B5E,9
AWP,7
IQB,9
86Q,11
ZFM,8
ZPY,11
PWY,11
CYA,6
ZIY,5
3P5,10
GK1,12
1FI,16
63O,10
WHO,12
SPF,19
EF1,9
V7K,9
M9J,9
6PC,12
U16,9
IAN,6
2A1,13
7PA,7
5QL,5
QVF,10
I2H,15
KCC,8
A8H,7
3G0,4
FX4,8
EKA,9
CMT,13
UHZ,14
OKQ,5
44H,10
XWS,10
A72,5
B6O,12
O57,11
CV9,12
YOL,14
ZIF,7
4AV,9
9F2,7
5C2,13
KFU,18
18Z,5
LUC,9
R3L,19
117,12
W1J,13
RXO,12
HCX,9
6PX,5
UCK,9
A5C,4
VPO,3
I6D,8
QDT,7
RST,14
SKI,10
02W,26
V2B,11
4F3,9
TFR,10
WZ2,6
S3S,13
PWG,6
W3Y,11
V3V,9
8U6,4
QRB,8
417,14
9XY,9
NFT,6
KCE,11
A7L,8
RD5,24
R6R,9
DKD,8
67G,9
678,21
O1X,11
KA3,15
2HO,8
7G4,10
H05,4
YSC,12
SHG,8
BY4,8
7OP,14
B4F,9
Q1S,10
HFC,7
2ZW,12
01X,11
VTF,7
GSF,12
NRE,6
QBO,7
CFU,12
CY9,4
3MB,12
0OQ,10
1SP,10
3LH,5
XLF,11
3BI,9
PGG,8
Q21,7
Y4I,10
9JC,13
TRB,7
MVW,9
RMW,10
V1N,10
275,11
DIB,8
W30,7
27S,9
UJ5,7
V1V,9
B42,8
TW2,13
5I8,7
AFB,15
3E8,7
7UO,20
7SW,10
EFZ,11
RGP,14
PF8,20
O9O,10
GB7,5
EUK,12
QJT,17
6QP,10
S80,16
M2C,7
FFL,7
PVS,5
7DW,12
L7D,14
UP2,15
QAY,6
TJ2,13
N7G,13
IRM,16
6O3,4
XTU,13
QLL,13
QJM,10
5OE,7
LGY,7
M1Y,11
OMG,19
7XV,17
884,17
61C,11
OM5,13
FT5,9
6Q2,8
T7Z,6
JM3,11
QZM,7
YG8,14
RJT,7
AXA,5
SUT,6
75S,7
FUY,6
VQK,5
NGY,7
JUR,13
ZUQ,5
7D5,8
7HL,13
Z7K,15
9O8,7
3GR,7
EM1,11
QB3,10
1H2,10
Q14,7
J3S,10
74D,6
4X5,7
JST,7
GTJ,9
0S2,9
NRS,13
165,4
Q0M,11
0GS,6
D03,11
W9N,9
O7Q,14
264,7
ZOF,9
R1R,7
J72,9
I76,9
4LG,5
CGJ,12
Z54,26
OZA,10
6X4,7
NDY,7
19B,7
8MT,14
3ZR,7
BMP,8
17E,6
RXJ,6
DZW,8
AH2,6
76I,12
FXV,10
303,13
TEW,13
ZAU,10
RL7,11
EGF,11
A4V,7
3LE,13
V01,12
B8N,13
84T,12
NQO,12
MYH,9
GZ2,9
RTM,19
EUM,12
T6B,5
94Q,14
NFX,12
JIC,16
GDA,6
VEE,8
5B9,11
J37,9
OG1,13
2U3,6
L9G,18
CR9,12
575,7
H9G,12
Z1W,6
LRM,10
6JP,10
IQD,13
YD1,8
X9S,10
EEQ,10
7RV,9
AM6,10
DT6,13
6QL,8
YS3,7
YWY,11
5LF,10
AMK,5
YYO,13
BND,5
DYL,11
OGJ,21
LFF,10
F59,6
DB6,9
11Z,9
931,8
QO1,14
TH1,7
BGR,13
XVK,16
XV5,8
MJY,5
TPZ,7
5XJ,7
Q7A,8
K8R,22
IGX,9
2O2,7
HJL,6
EYA,5
AVI,7
50V,8
B7O,8
AAT,8
SLO,9
VND,9
UME,5
JQ0,10
9PZ,3
QXA,11
HRE,8
NYO,11
W2A,6
0LO,6
XKP,10
J4W,10
Z9T,5
MRS,10
26E,12
CD9,10
YEY,8
QLY,8
2J7,11
MW0,9
W1L,10
3GV,8
PGL,24
T0Y,10
V8F,13
PFP,5
XIB,3
LZT,9
2J5,6
3R6,7
4L1,8
WEY,9
NLN,9
SWB,10
NLG,7
YW1,17
Y5P,13
NXV,6
HDW,9
ZRJ,7
ATS,8
ORY,8
MX2,7
HVX,9
GDC,10
LL9,8
NPC,9
QNP,10
PFA,9
FU1,4
8Y5,14
32S,12
6U8,5
UGF,12
CLE,7
CNF,15
Y66,9
793,12
57P,12
2GN,10
05M,9
SJ6,6
2MD,8
Q1U,10
UZY,11
MQG,11
W9Z,11
RB4,10
CST,7
T85,11
CGT,9
MCT,9
HAJ,10
NTG,7
2P1,23
8VC,6
WQ3,5
EW9,10
Y8K,9
TNF,6
XH9,8
JT8,8
F5I,5
ONK,10
9DZ,14
G3H,9
XT0,12
0TO,8
0M1,8
PKY,7
0UK,10
B6D,8
CT1,4
SUD,11
LDD,5
BOE,5
MFK,8
2HN,10
GG4,16
M9V,12
KE2,11
99J,6
OPD,9
EC0,10
7C3,3
RAK,12
ABR,10
MXT,12
QK4,6
MW5,6
2TU,8
HWB,9
PL4,9
HYY,8
JTO,7
LGG,8
JRH,14
GHI,8
7IY,7
OYY,10
YB2,7
ECU,5
4SW,6
H7G,7
B2P,9
QHK,6
7LR,6
BUH,10
79Z,5
R5H,7
CBM,5
QVQ,10
I4F,12
W3K,9
5CN,5
2G6,24
88S,10
L8T,6
S8E,9
KC3,14
504,6
V48,6
ILD,10
YVE,10
DCB,9
O0Q,14
LZD,10
7TI,8
0HB,3
78E,11
PYV,9
KG9,8
XKT,9
WVC,7
FJ2,7
GVE,10
EJ6,19
7WR,9
BVO,5
Z0H,8
XTR,14
6T9,21
I5A,3
X11,7
I0Q,8
PNN,15
MVX,15
K3G,8
8IV,14
5FP,17
WKJ,4
LD1,10
ZVK,10
43L,12
VFM,17
AUA,6
B8H,11
BAC,10
8RF,19
0GX,12
D43,11
UOI,10
SGV,15
GPS,10
U67,10
BLK,20
CZR,7
C2N,9
66W,12
Q5K,9
63A,10
Q22,8
SNR,20
NTW,15
O4T,10
ZRP,8
XFF,11
G8P,13
J2V,12
G2P,10
FP3,4
H59,10
93W,8
1TW,5
5C4,17
77Y,15
GV7,12
L9F,8
I7V,13
YSI,28
68V,13
0GY,14
I1D,10
P68,5
MEB,22
OSW,12
FA7,5
4RM,10
YVD,9
JUS,13
LQJ,6
GB9,15
3VC,5
1NK,13
2DH,11
QPR,21
N8H,10
F2C,10
QHT,7
HVN,9
UIE,15
ML2,13
SHN,3
UAE,10
2DY,18
ZRT,12
SQR,16
CQ8,12
DCJ,6
XNR,12
ESH,10
Z06,8
HXU,11
B28,7
KZI,13
Z0F,7
558,13
P4P,8
PVB,8
EPI,8
2TK,8
3ZO,10
G5K,8
624,11
4LJ,10
WT0,7
T95,11
MH8,10
VUE,11
RBE,6
IK9,11
NCI,10
L01,10
RLK,10
NBW,12
TM4,6
R70,12
QFO,13
3VQ,7
38S,9
S0A,7
8T3,3
S1Q,3
QOS,7
UZU,8
CPD,8
5BB,10
U1O,10
M8V,14
K6W,7
8C7,4
6OQ,18
EXO,9
EP2,4
1O8,7
CCR,18
PBU,14
R05,14
WGD,13
C6J,10
01N,10
M4Z,20
W73,11
WRZ,9
QTY,10
1QR,6
V32,8
JYP,7
J5U,19
WSV,13
GBT,9
SJ2,7
3ER,5
E7D,15
ITX,19
M1P,14
NRZ,9
OMI,6
1M5,10
R1G,12
93N,18
ZVV,7
OQ9,7
G7O,11
DHP,5
OS6,5
94H,10
CX6,10
6CD,7
UIM,7
5KM,9
08Z,6
2UY,6
1PO,7
19Y,23
RTC,10
4K0,13
EQ5,7
7YS,8
MPS,8
5MK,15
E2D,6
34B,6
6C7,9
DIZ,8
IPN,7
UJA,10
G7B,9
7N2,8
4XK,10
5OB,5
EL0,12
6TV,7
GT5,6
YJB,5
18V,11
W59,7
NSO,11
3CD,9
511,11
AG1,8
52C,14
ID1,10
VJS,8
HF7,4
OSY,10
06Y,15
RX5,9
L3N,10
W1H,8
GUS,5
XVQ,19
UVL,9
ESI,7
TQJ,8
LCV,7
K4J,8
93U,7
BU8,5
1IW,9
79B,9
ZDV,13
B6U,8
WPS,5
CZ8,10
SPP,9
9TK,5
XIL,14
KOV,9
BY2,8
AA9,17
05W,4
SDE,7
38I,7
ZT7,13
NFI,10
8S4,11
WIK,8
GW4,5
Z9P,10
10C,9
TF5,20
RG4,9
MSZ,12
00F,7
ZNN,14
9CR,4
OAS,10
OEY,9
CM0,13
UM4,12
10E,31
6FB,7
VBC,16
WC5,7
EMO,11
8WW,8
W1V,10
FBY,7
SBM,7
IRL,10
FOA,11
QV9,12
8EB,21
4UG,15
IXZ,12
CKW,9
7SE,11
UEX,11
H0D,12
6PH,13
D08,16
FP7,13
9I8,12
HSV,11
KI4,10
4JB,14
NVF,7
YT1,13
BVW,8
C8T,17
2WT,5
33Q,12
34T,6
XO7,11
9L0,7
069,10
899,9
SUZ,8
LJ0,8
AYJ,8
5KJ,10
7MP,6
S5U,6
COW,22
VL8,5
9KE,14
PMF,9
R8A,18
R2E,7
6JK,9
MEG,11
NFN,4
DRE,7
62G,12
X1B,9
985,9
VRA,6
2E1,8
JED,9
5OS,11
PIV,9
QCT,6
P32,13
8E1,6
3KF,10
P80,16
I8X,7
4TT,5
HYI,11
AQ6,12
L7B,16
O3R,13
A1V,7
US5,12
2QN,6
NHT,19
6VF,26
NJF,10
SEF,14
W0K,4
QLK,9
42K,6
IB2,13
WQY,14
GPD,23
CHC,13
3KV,11
V8C,13
4TS,11
B3C,5
GWD,9
H65,10
1U2,15
TQB,8
GNO,7
UGG,12
30T,12
RF1,7
TNO,7
YXI,9
KUQ,9
FEJ,15
7RU,4
7CP,12
OD2,10
0HC,8
EVD,14
4E9,15
UC6,7
2PJ,11
FQD,8
6UX,7
H8E,13
VNH,11
7JC,9
PD3,9
IDO,10
A6O,5
8BK,9
VKL,9
4D6,5
CRL,9
BN0,8
RL4,6
1OI,8
35U,4
D5B,16
9M9,7
FC3,11
JFB,9
EWK,8
O9M,9
SHI,12
S8D,9
OJ7,7
TD0,7
53O,9
7IC,12
5GA,6
9G5,6
9F3,8
8ZY,11
PYM,8
7MD,13
REK,8
MD3,13
26S,9
3IS,4
VZU,13
3QE,14
7SZ,13
S10,18
Y5I,6
661,4
U2Y,9
R3F,10
3AI,8
I9T,7
1RQ,10
O5V,11
XQE,16
7LV,7
C2P,10
XK1,8
GYS,7
T4P,12
83B,12
X1K,10
4D4,8
A8O,5
8LC,10
YGL,8
0YG,9
D01,12
24Y,7
GM1,10
E9F,10
MJ5,8
H6Q,7
BRS,11
6VI,9
SST,9
HTF,9
Y09,16
P0J,10
F4N,10
CSH,13
EAH,10
A4W,13
0L7,21
Y6G,4
5SV,17
KHQ,11
AOK,13
OL4,10
I2W,4
SEO,14
YQ8,13
OYD,9
N51,8
P8T,12
D8U,15
QXX,16
IG3,6
AMH,7
5RQ,11
QBI,6
BRQ,13
CV6,12
EW0,9
5WP,9
Q4N,11
PTG,11
BXW,21
1A2,15
HJV,28
QMK,10
HKH,4
C1P,8
RG1,6
OPF,18
WG8,10
CE3,11
UW9,6
JPX,8
80I,5
Q4A,12
0I2,8
S1Y,3
U2A,12
141,11
5L3,5
QAJ,18
S59,8
D58,9
CJG,8
Y3G,11
C8R,9
S0D,8
08B,10
376,13
RKN,12
LTJ,10
BI8,13
RQC,10
BSJ,9
JAP,9
JKC,11
RAV,14
CNS,10
7AN,9
31P,13
IIN,9
DXC,19
MC1,12
89F,12
VWV,16
OQO,6
EC5,4
PEB,7
UJU,10
44A,15
B63,5
OH1,14
MNG,8
UJP,18
NG0,10
WA9,7
7AX,10
KKU,8
SW5,9
K9W,10
82M,9
P8X,13
XUY,10
WKC,13
QMP,11
0B9,7
C2I,9
0AO,14
PG1,7
9B8,6
94V,13
CIY,14
0S0,8
LKL,9
HZ0,12
CH5,8
G5T,8
1HK,10
PQZ,11
CSB,11
YEH,14
HFZ,5
JZT,15
66R,5
7YT,15
JB9,17
753,10
9RR,13
V7U,8
GXO,11
0BY,4
H4G,9
24W,5
OP3,6
167,4
2LR,13
NBE,8
GZB,7
MIT,11
1LG,10
9H7,10
DCA,15
3Y9,8
CLG,5
O49,7
W6Y,8
I5P,20
KG3,4
AYQ,7
NJZ,10
277,10
GKT,9
9KD,6
J0Q,6
XY2,8
Y7C,6
M7E,16
3LO,14
LEZ,16
SZG,6
I0V,13
5ZR,8
FDI,12
K4C,14
Q0O,8
O7C,10
7RL,11
F9F,10
1U0,12
LMW,8
28E,5
HC8,8
9MK,13
8OM,10
114,12
B2G,4
OQJ,7
RQ4,6
MOD,10
6YV,10
GCF,9
86U,7
9Q4,12
0Q2,11
3B1,11
YPN,10
RQU,6
BUK,7
1S4,12
HPX,11
90Q,10
LHI,5
CU0,8
I25,8
IQC,12
D5Z,5
DAE,9
CF6,7
97Y,4
55U,11
P0F,8
WF2,10
RPA,7
SF9,9
M8A,12
WCY,10
BTL,6
VC6,5
06T,11
S9R,8
WNS,10
RBT,18
9I2,9
0GP,13
GT7,11
IUY,7
ERZ,5
MM9,11
YJT,8
RB0,8
K98,12
7EX,12
2SK,7
APD,14
E9B,7
L5K,12
E8Q,11
Q66,16
DQX,7
1N1,8
FUC,8
YSU,12
F73,7
GEM,17
4JQ,6
J2E,13
NS2,7
KT8,4
U46,11
TJE,15
664,11
ZRZ,8
IQ7,10
ZD2,10
XED,10
VVG,9
PV9,4
FZJ,6
FI3,12
NJV,10
X8L,10
XIU,8
QWJ,13
C1U,12
W2N,12
IVQ,9
NNJ,9
CN2,11
LGE,7
PPN,14
K3F,4
6T2,12
YBX,12
UND,19
5TR,10
0BE,7
K0Q,11
VJN,9
9YR,8
CT5,11
8T4,6
MWC,7
C4G,9
NQZ,11
IEC,10
23D,9
LGO,6
M7R,11
3RQ,6
4U8,15
ZD4,8
G88,14
TO8,10
979,19
N16,6
ZXV,8
G0V,4
54Z,6
DKB,6
R1V,12
V52,10
D3U,5
7QY,12
929,4
2T4,9
65L,23
EMF,7
J9E,10
1BI,13
TG1,8
K3I,6
1L5,8
J9L,7
YRF,14
IAG,22
ISE,8
8JE,14
RGG,7
8TD,4
AQZ,5
R77,10
3HA,11
9ED,6
E7Q,8
IAA,3
UUM,15
X9L,12
VPB,13
IK4,12
I3D,6
9DN,9
U05,15
7SG,8
DGC,12
2MG,8
LKZ,10
4E8,11
X0K,10
YUO,13
EG3,3
PL6,10
543,13
3W2,8
QDW,9
6T3,10
OQS,10
PM5,6
H5O,11
RXL,8
0BR,5
HKO,5
RDC,12
7LJ,12
7T0,7
Y1K,9
MIS,11
X82,8
Z3E,9
58C,10
5BN,17
M3K,6
PSW,16
QPW,9
EHD,12
DJW,18
9H0,7
369,7
9V3,7
2V7,9
LA5,11
OSJ,6
8IW,6
039,11
SIO,10
FDK,8
N6U,12
5VV,8
M29,10
53V,15
TTT,9
50C,1
6BD,7
VBW,8
T73,10
8XU,8
ZIH,13
LK4,9
1VL,7
659,9
3SC,10
QKE,14
DUD,11
UXP,10
71X,12
3EJ,4
VYM,7
LND,9
E2F,18
L9L,9
RJR,6
LBQ,6
408,16
X4C,7
EQ4,5
FK3,5
JYQ,8
6S1,9
3ZK,15
R9S,4
TF6,20
JFZ,8
GQK,7
C07,6
L7P,5
YZB,13
84F,11
O0E,6
GLG,8
DES,8
KOI,8
2P3,6
F5K,6
YLH,11
QFA,7
BZ8,8
TGM,7
Y0E,12
LXH,9
YBY,12
D3E,8
XWY,10
V0F,11
I0P,7
8O5,12
YRU,9
S3O,8
LDE,9
Z2V,13
ZLL,8
UUQ,12
RFZ,5
R1S,13
IXO,4
KYX,10
3YT,10
Z5L,9
BBQ,7
DIH,11
TMF,10
PEJ,8
7YG,5
S3B,10
CJR,7
9PX,10
62D,12
TEN,11
QWO,11
ISH,9
W1F,5
OEX,13
GZ0,3
SIE,5
KZX,10
YWV,10
VD6,10
F9L,7
5TI,12
CUH,6
GE5,12
297,7
3KT,11
XZB,8
21M,9
HQD,5
EB3,9
YM8,10
R75,8
0EE,7
ONN,13
FC4,9
UJN,8
YA7,5
71K,7
Z0W,11
X0S,11
TQ0,8
PNQ,6
DDG,9
5OT,9
023,7
8NW,7
9P9,7
KHO,6
A0M,10
PUQ,11
6JY,15
2TZ,7
DL7,6
IY8,8
VY8,17
40W,6
U4V,19
7V3,7
H26,12
2U5,9
8B1,9
T51,4
6TO,8
VOR,9
ZNQ,9
8C4,6
7HG,6
EJL,4
OMM,7
L30,7
E16,9
LRE,6
RJ7,14
FH0,9
QTM,7
XO5,8
H7J,9
65Z,9
SGL,8
RXB,8
COJ,4
E1J,12
ODM,10
VFG,8
6B3,8
TVW,11
T52,9
LJY,11
40G,8
SL8,15
8OD,6
NUI,14
Z4W,6
LS7,10
0TC,5
5OJ,11
LEM,8
MPD,25
79O,7
NEJ,6
CES,7
J46,9
CLY,7
4IR,7
62T,10
99L,11
SSM,5
Q09,7
5TF,9
9HC,22
YY7,7
MFO,11
3VV,7
898,7
DXB,6
FYC,2
MSR,18
ND2,12
UTR,11
XRX,9
TZL,6
1ZC,9
K5B,7
ZXG,21
JM7,7
UNS,24
GSX,6
SIR,12
5DH,7
BEP,15
TBI,8
FMO,15
P3H,4
WAZ,8
11P,6
9GE,11
VR3,12
BD6,9
MF6,7
PHO,11
6MB,9
42Y,11
QAC,13
K7N,6
KAF,6
9YY,11
4SH,10
2MI,21
CJ9,6
GOX,11
3WU,6
T6E,16
61E,13
KD1,6
0U9,9
LYD,6
TUP,11
9WU,12
HYT,7
PAJ,8
R5J,11
S4F,6
DQC,7
99Y,6
DQJ,5
T28,5
PX9,10
VCM,8
FRZ,6
1UL,8
HGT,6
1H0,9
Z7H,11
BT8,19
10W,6
EGC,12
NCQ,9
H7E,7
LY0,7
GBP,9
6DP,7
NEL,12
2RK,9
516,9
JOS,9
E5L,9
MCQ,7
V9D,8
BKV,9
E3Z,11
T5Z,22
QC5,7
9A3,8
KCO,10
8GA,9
QKY,13
7TQ,12
IJ6,12
Y45,7
Z2U,7
QMY,8
802,9
CN7,11
5PX,10
WYY,11
ONG,8
ZZ6,7
EY9,16
C7O,14
8QM,6
QTL,9
SS4,8
NZI,9
QLZ,9
EVW,10
1E6,12
OOX,6
6I6,21
5UZ,13
ZR3,9
GG5,3
397,6
BYJ,8
0RD,11
9KH,8
TF2,10
LWW,8
V6W,7
J62,9
JVV,27
YZG,9
RHK,14
AUQ,12
56P,12
YFI,14
68Z,10
XSZ,13
DL4,9
CNQ,11
WFT,13
BGF,19
O8A,8
DU9,10
TMW,7
CF4,5
FRY,8
NHI,7
52Z,11
LCB,5
9Y9,12
D64,10
IW8,14
UXY,14
4NA,13
8L4,10
N3L,11
7AA,9
OD8,10
C71,18
AQ3,6
WDG,10
RUE,5
36H,18
H0W,8
1H4,6
38R,6
TX4,13
79T,9
98M,9
UOR,12
N52,11
BIR,8
X8C,10
SA1,10
429,12
ZRQ,9
KUD,10
CTQ,6
IXS,9
C8L,12
E9L,8
NY0,4
QE1,13
OPK,11
6UK,6
9SW,4
4BF,8
81E,7
KJE,8
9FM,13
1A0,10
C3U,5
73W,8
L62,9
7DN,4
UTE,10
FFI,6
GFI,14
2EQ,4
748,7
GGY,12
UAF,11
LE3,7
XHF,9
R3K,11
T50,6
MGX,9
ZP8,10
UJ6,7
8M3,8
UNG,6
Q5G,9
WN9,15
6HV,10
MUA,4
XVW,3
TJU,9
DZS,10
LQ9,7
IOT,6
1NR,6
LE0,12
1NM,7
G7Q,7
7VH,14
FF5,12
EFE,10
JUI,16
6DH,10
3GY,13
Q5I,7
N8U,8
S37,6
GXR,9
2OA,10
SGX,12
2UJ,11
DK3,6
KVA,5
HAI,13
0OZ,17
6RO,10
573,9
746,10
M57,7
CJY,6
8I1,11
XNI,7
M5X,11
V2O,9
17O,8
QJH,7
BY6,8
0ID,8
CCJ,8
Y5X,9
9R7,9
P3B,15
R20,8
W00,14
6AB,5
VJL,6
EWL,8
OLK,6
G6R,9
8VJ,13
YF5,9
UZ9,10
TDT,6
B6J,8
GVX,9
ZV1,5
XHZ,10
HZO,7
J85,4
9CN,7
WA3,9
MBC,9
9YS,10
FUZ,6
GM4,15
9PD,8
WUD,3
HBL,5
48B,7
WZX,5
ZEL,9
GJI,6
EXN,4
MBQ,33
8CH,12
3UL,9
0CI,8
W4B,10
AX3,12
QOK,24
XVZ,6
EZ9,18
7SR,12
B2U,7
WLE,9
WH7,5
P7E,8
C6H,10
2T9,11
K2J,10
JEG,12
2G3,11
9O3,8
K4O,11
2J9,10
JBF,10
NE1,9
FUO,7
GNX,4
BZM,12
QBU,5
MHM,11
XA1,6
O1G,10
XZA,5
DR9,6
XZQ,8
MTO,7
I4M,5
0OK,9
CKQ,11
C88,17
HYJ,11
WJA,14
RPW,8
GXD,8
2LF,8
QP0,5
STA,5
1B6,12
75A,12
HC4,8
Z94,7
21W,8
SET,10
ACM,8
P33,10
6HL,19
ZK3,10
885,9
7JH,8
NTN,12
ERU,13
9FV,12
3SW,7
I0G,10
HM0,6
RWF,14
T7R,6
LAL,7
LUW,13
5FS,10
VXG,7
M9Z,13
9AK,12
NG5,12
IJN,5
VUU,11
YXQ,13
OTW,14
2JN,9
50D,7
KC7,8
INS,9
SUR,12
Y2B,13
0AQ,9
75X,7
5WL,9
OBC,13
9OI,9
G9J,9
JI4,9
LT7,10
Y7X,14
55G,11
TTO,12
OHO,10
D9B,15
WKL,8
745,9
EAN,8
J7G,9
CZ0,6
ZQS,14
9LR,13
M2R,8
24Q,7
RYY,7
5ZP,13
3FV,9
V4P,7
0CG,14
MSJ,9
MCZ,11
DZK,13
OJ3,17
OWE,10
MLR,13
BHO,9
W9J,11
2CT,8
S4X,3
03K,8
OBG,7
XF8,7
8RI,16
BL9,10
1ZK,13
WD6,6
G5N,9
H99,6
7ET,8
4O7,10
3G1,6
EYH,11
2KB,4
9WI,7
320,9
ZKV,9
OFM,9
DGO,10
JC7,10
SE9,15
UFQ,7
02P,10
GVD,8
4B1,15
IZF,12
QTB,9
UKS,8
E9W,10
L3R,14
68Y,7
L63,8
HD1,12
3S4,4
L1X,7
6S5,9
N4Z,11
565,7
JPK,8
2IQ,10
DNW,12
WT7,10
6QI,11
U1C,8
8WX,6
S9U,8
WDF,7
33X,8
XYO,6
MVQ,11
T0G,20
CJF,5
LF8,11
38A,9
RH2,16
WR4,8
B9F,7
MPH,6
I9I,9
0ZT,7
29V,6
8VW,5
MEY,12
S6M,11
GM8,9
46R,5
AR6,11
NE5,14
2CA,10
0UQ,7
L9U,13
FGT,14
VIN,9
SBP,7
OH0,9
TCI,8
DL0,5
LCU,8
GWH,4
DAM,11
0LF,13
UK3,7
V7N,5
O97,10
IIC,13
5Q3,11
5C6,20
4TU,7
LY8,18
Y3K,10
3XC,7
J52,17
JTW,9
37X,9
BIM,15
WSD,4
B6N,14
D4G,11
2OG,8
OPE,5
7E8,10
FJ7,10
P7H,10
B1Q,11
97N,6
SQG,8
Y6J,9
U57,5
18F,12
DEJ,10
XRZ,8
GQQ,6
CFK,7
1KN,4
XRI,10
5KP,14
HLU,6
22Y,9
OZN,9
1HR,7
ESB,9
HYW,7
LF4,9
QSC,8
89I,6
T9H,11
X09,11
14T,7
VDT,5
2TI,4
J9N,5
R13,10
OHS,4
AU1,7
QIW,9
IP3,12
V03,9
99C,17
ZKZ,8
FQR,16
HU1,7
FI0,6
UCH,10
HV9,13
B8X,3
HHH,13
ZEQ,9
IMM,12
PF6,11
ZMW,6
G2D,9
0NJ,7
EZO,8
NH6,7
0JU,3
8KU,12
7JV,6
8GH,7
SBA,4
QD9,8
K2O,10
IVM,12
LZ3,7
PM9,7
NQN,7
LZZ,20
FT0,5
Q7P,6
SYC,6
VTJ,4
SW0,10
ZIN,6
8MF,9
EHI,8
1O9,12
VO9,8
AIC,8
36Z,5
6M3,13
6DT,8
1TX,9
7AG,4
5AB,7
IP9,5
ZE1,12
XAY,10
9O0,9
727,11
8VO,7
YRE,8
2RH,7
S3Y,10
ODG,10
QD4,5
IPK,6
ZJ7,8
MQL,9
GBL,12
623,8
G3A,11
5IO,10
J6Z,5
KN0,9
FUH,7
527,7
LE5,5
SEE,25
I92,6
2T7,6
372,10
TYS,7
FIV,5
EQF,12
ZAW,10
2NZ,8
DS9,16
7HT,7
O2Q,7
LFB,6
ERY,10
5RB,9
Z5E,12
BFU,7
9MX,7
LRI,6
HY5,5
4LI,12
ISC,6
F2F,8
QNE,10
ZLS,8
PGB,7
JO5,6
PH1,18
93L,8
LX8,14
E4F,7
81C,14
24C,11
VGM,18
5Z5,12
K7I,11
14X,11
DK7,11
6NU,9
NAC,6
H56,13
VL2,10
TCQ,8
U6R,7
3IB,6
VU3,8
C5W,12
E5F,9
5N5,6
YEQ,12
OOW,23
58R,13
BIT,6
1ZF,6
976,6
NN9,6
8A6,9
2DR,9
SHF,1
S44,2
N0E,8
UIX,9
UTI,9
YBG,7
677,8
UOE,10
NE9,9
XKU,10
34J,4
AZT,12
O83,13
9Q6,5
LP4,11
36S,8
9MZ,13
672,9
AEW,8
TXX,6
FXL,3
BOG,9
PAM,10
JQG,10
O3Q,8
Y3D,14
F8N,7
L6F,12
FGX,8
72L,6
56W,5
T25,13
RL2,8
H8T,11
7QX,12
MDC,8
F2K,18
I7U,10
SXE,11
2UX,7
TXY,12
HWA,13
NTP,6
VB1,4
GD9,8
PKL,5
68S,8
Y0K,14
GSM,8
MOC,7
P11,13
8QI,12
2HH,5
TJY,9
HYF,5
9WF,13
0FT,7
L0Q,6
CN1,9
PB0,8
FLG,8
WI5,6
R0N,9
ZTB,9
GH4,11
ARC,5
G3V,9
WN3,10
YLO,8
HEW,11
LLD,7
M35,6
FA2,9
7MO,3
QP6,9
FJE,8
L19,6
8IA,5
7O3,9
PPS,11
WOD,8
E0L,9
SVL,10
76K,5
N15,8
SU2,10
HF1,9
EDS,9
TZ9,16
BIF,12
WU9,10
T3Z,7
KMS,16
R4T,9
YWT,9
B6E,4
P46,8
MKL,6
1W4,10
ZEB,9
Q56,12
544,13
WL6,7
7HI,5
F9A,8
NLH,8
F1X,13
348,6
5J7,8
K32,18
LA2,5
BHZ,10
TAL,8
NK6,17
387,10
E3F,7
SP2,6
MV6,13
SDW,10
I0L,10
FVY,14
MGL,9
CK6,10
V1Y,8
V5T,5
QYP,9
WB1,6
DOI,12
TH2,11
RYF,7
BHS,4
LEJ,5
LEE,7
4AA,5
ZBN,13
MQ9,5
RNT,9
ZEE,9
PQO,7
BMQ,10
XZV,6
P24,9
W3P,7
U3R,9
7OD,10
PXM,2
C7N,10
T9Q,7
UEK,11
QSF,5
I4T,14
8PQ,8
LJN,12
YVT,13
G50,2
T84,8
V6E,6
12W,15
16I,14
LIF,6
PDA,13
6UQ,8
NRR,6
CEP,8
5HX,9
D2I,9
D3L,7
QSU,10
4BJ,5
LOR,9
G7U,8
RAS,9
3C5,6
YA0,9
4G5,8
5W0,8
EE7,11
N57,10
3CK,9
UOU,8
87J,9
57K,9
3K7,8
Y68,7
F6I,10
4IV,10
1GZ,11
SZN,5
LLN,17
KCR,7
OTG,8
K1S,11
I8V,5
5T2,10
CRG,8
FIJ,10
L8F,10
3M8,8
16X,4
OZH,12
TV8,10
QD2,7
3T5,5
U78,5
IJB,9
J3G,9
UF8,10
2ZN,12
2YH,11
PI4,6
DZ2,14
4HY,8
5QK,3
DRD,6
1CV,5
FH6,4
7UN,7
AGY,5
NDB,5
98L,9
TJL,4
6CM,10
QPQ,7
ZN6,9
WOR,6
HSL,10
FWK,8
PAE,7
K1Y,13
N2A,6
J04,8
GRK,11
I6O,9
7L3,4
7CD,10
KL3,4
PY5,5
B5U,11
RW5,8
USR,13
LXR,5
V2Y,8
0VW,9
7OF,7
0LH,9
KTP,8
KGM,10
LVK,6
S61,8
Y9R,9
WB6,4
FHM,10
U9D,10
J4Y,9
8MA,7
IJF,9
P7W,5
66H,9
SI0,10
Q88,7
R2Z,8
RSU,11
NR2,9
8ZL,10
HFS,13
QNX,4
HNL,7
Q36,7
U0M,7
7KB,11
HE9,13
U95,9
XFQ,9
VEB,5
ZBK,10
73D,6
8WF,8
U7W,8
FKW,8
HSP,9
89Z,6
0UG,9
74C,8
PQ8,6
OFO,7
D2L,6
ODT,6
EE6,12
NX8,10
XPY,6
WBU,8
NSL,6
V8S,4
KD8,9
0ZU,16
R9P,8
91Z,9
DAQ,9
4SL,2
WVY,8
WCU,15
93F,17
CEM,12
6FL,11
0DF,8
E8I,8
ALQ,8
2QS,6
0VO,7
5PV,8
GJO,9
DD9,3
UN9,6
T6I,12
KN8,10
RZ6,10
8ZM,9
66A,12
LB1,3
PBL,8
G2X,10
0HQ,6
K0O,9
5QS,7
3DD,9
H50,3
J1M,7
UWI,9
X4K,5
19U,11
XU8,6
LWN,7
7MW,6
83H,5
2P5,9
AXG,6
YFT,11
998,6
UNA,10
3I1,9
A6Y,7
WE8,18
7P6,11
0XG,7
QQR,5
HKQ,6
TG4,8
EZT,9
3H9,9
XIR,7
09K,7
JSC,9
RRG,19
IQW,9
9KY,6
TMD,6
B34,10
NAY,8
R6L,5
F6T,10
6SD,8
U3P,15
SYP,8
N45,9
RK6,6
QXG,10
FTY,9
3RE,5
EP1,11
C7R,5
4FG,8
U51,11
78C,5
TNE,8
33B,9
06U,8
D1S,11
3J8,10
2Y5,8
YL6,1
WLY,10
VI8,11
EA6,9
M34,8
JFI,7
1X3,5
O2R,10
T5U,4
ARD,9
XA8,10
KMR,8
I0U,7
SFM,3
SER,6
GND,7
NLJ,3
03A,11
ZS4,9
E52,19
5LL,8
V2Z,5
A8E,10
SEL,8
HCL,9
FCC,6
0S7,8
VV1,3
CYO,8
WWD,10
22F,10
OU2,3
F94,8
7GA,15
OV9,9
RI4,5
6YC,8
S6A,6
OLT,7
EWS,13
QJE,8
9OK,11
H9S,9
OSX,7
DG2,8
2GU,5
K96,7
MUM,8
BCK,10
95U,7
PPL,8
89X,5
V12,9
Y9X,8
2SU,28
CJW,9
LJC,11
OZE,7
OFP,4
C9T,7
G1Z,9
77H,5
SRV,10
701,6
CMB,8
9FO,7
G9H,4
81N,7
FI5,6
H5U,14
DY4,6
W97,10
4GK,11
BLX,14
TZD,6
DSP,12
82U,9
3Z5,9
ND4,7
D70,7
NQM,11
NEZ,8
WVQ,11
SOB,12
KPA,13
F2R,10
R1I,14
PBE,10
64A,10
GQO,7
HCH,10
IIF,11
RCS,7
SJA,7
BO3,5
ZFB,11
88X,5
TY0,9
6EV,11
YES,7
HU2,9
FRN,7
B4M,15
SAA,2
8TK,5
L2V,8
4NF,8
ZUN,12
Z2H,7
6PI,6
ST6,6
Q1F,7
I6K,10
VTB,9
SDT,9
D4Y,11
8Y6,16
UVA,10
PQK,6
A7C,7
A37,5
6U9,13
NUN,7
2HS,5
OXU,8
67B,9
MQQ,14
W9H,7
VCO,13
Q2F,10
ZYH,17
1X9,8
Y6T,10
8S6,7
L7W,12
BL3,6
18R,13
BA4,7
SHM,6
990,8
PB2,8
K88,7
TRD,3
8KT,6
ZHH,11
IN1,7
YGS,20
3RA,10
DVF,8
RIJ,11
1DI,7
KQP,10
LMJ,6
CEF,7
INH,9
FGU,8
KT2,7
0NI,9
2LY,9
JA4,4
HNW,7
Z5F,7
RGR,7
4PF,5
RLF,9
PQI,8
EWT,6
D4M,16
R4N,8
YAY,5
0N3,4
LYE,4
KAV,10
7CZ,11
FES,10
6NT,9
6A8,10
P1V,7
A06,8
VRX,9
W9A,2
AHI,16
361,11
836,11
U1G,6
PYQ,10
4KX,7
BUC,10
WIG,8
ADV,6
OL7,10
SJQ,8
D60,9
TCT,7
P1G,11
BDR,5
9I1,11
CZT,13
DMU,6
MVY,8
H0X,4
77M,8
DU2,8
1AN,5
4E3,9
1YG,10
ZXK,8
806,8
CTI,9
HLL,9
H1F,8
JQP,6
0BA,7
5PM,7
L2F,8
MT5,4
NJK,4
VDU,5
3I4,3
YYG,10
F61,5
32W,9
5BY,5
NQ2,7
8Q1,9
6WR,11
0E8,8
BE6,9
AUY,9
MXI,7
11V,13
6ZH,14
TLZ,5
XGT,10
R9X,9
CAM,5
NUQ,8
POT,7
O3X,14
T3Q,6
ZHF,7
RQ9,7
S9A,5
J23,5
LGK,20
8MR,5
N4E,9
I0Z,12
0TP,7
HEA,7
ZQG,13
R56,5
764,19
ARF,6
N7P,5
PI7,16
OZO,15
MNR,8
FCG,11
QZC,10
NZ5,9
J0W,4
ZGL,8
WTK,7
NPT,3
3Z0,7
BSF,12
1KV,3
LR3,4
GB1,9
F5Z,9
DWF,8
5WE,4
I5I,8
4HC,9
DCN,5
DM7,12
5FU,7
TVF,7
952,12
ZG4,13
5TC,8
OCR,8
18W,12
1QS,10
H5E,9
D3N,8
HGF,10
T8F,13
XRL,7
30N,8
WLB,12
CQO,8
KVL,10
RIW,9
WGO,7
E1W,8
7LM,10
4PS,7
N0D,7
8BF,12
3R9,3
YW8,8
ZD8,7
TVT,8
ZU2,10
KTJ,6
PXL,6
G0P,6
ZD1,7
2C1,7
EI9,5
487,6
UPN,9
JFW,5
J4J,9
RQJ,6
5G3,7
4I8,8
Z7I,8
QG2,7
0QU,9
XMR,9
OC8,8
UUG,11
KWR,14
MDE,5
DWQ,10
X9F,7
2NJ,6
RV3,7
62Y,11
OOD,5
2VQ,10
O9E,6
ZZ9,9
APF,9
4GG,9
W6Z,3
66I,7
7Z2,5
SWZ,7
DOM,9
UAO,6
A2T,9
LA0,6
PFV,6
H7Q,9
YWR,11
O1W,18
6KI,9
BTP,9
TLI,11
24U,5
AWH,6
2G0,13
QFD,7
94Z,8
PFO,7
ZP4,8
LCW,14
CUC,5
HUZ,2
TML,7
S6Z,8
M5G,8
6BP,16
J7Q,10
KI5,6
G6W,7
DFZ,10
9XG,6
B2S,5
UPF,7
5YH,9
VM9,5
57J,9
OAH,9
Y3V,5
H1K,5
OGV,5
D7R,8
VJJ,9
AJF,11
H46,10
KN3,9
NS5,3
W06,14
IL7,7
URN,6
NOO,9
78L,8
XRF,9
YS8,8
V24,9
FMU,11
SVQ,9
L1W,7
ZHV,6
WT1,7
G15,5
6EP,5
876,12
FUS,8
HY3,10
92I,4
SS2,9
MSA,6
930,8
FS6,6
7MS,4
IBE,7
J9F,6
K5N,12
3QU,8
I7X,7
S5H,10
LQI,9
FAZ,3
YIX,15
B79,9
8OE,5
6BL,6
SU5,21
O3H,5
1RM,9
PUZ,6
XMQ,9
YX6,10
NV8,10
TL3,10
GK6,6
VHY,8
9GI,4
6TZ,9
69B,8
RYM,9
G3I,13
O2S,10
RYB,9
41N,7
IVV,8
040,12
WVV,9
5DP,7
ASE,12
AY4,8
G30,6
6JF,6
WTH,5
QU1,7
JWG,7
FWS,6
2NX,7
CTB,8
T39,8
74K,8
YR4,10
2K5,6
0L6,6
AQG,13
LL2,8
KM4,10
TSF,7
97P,6
REC,13
S2D,9
BMG,8
ZXJ,9
27Y,11
ZC9,6
4TV,13
ZFN,8
B4Z,9
TVI,4
ZUI,9
ZIW,8
X3Z,6
NAF,12
84X,8
45N,3
07F,6
45X,10
59N,6
ECX,7
P7S,7
OHG,13
3GH,12
06Z,7
LCZ,6
381,10
W0R,9
0H8,11
KTW,3
AWT,7
U68,11
YUH,4
50H,9
1AR,9
OGL,8
Z8K,11
D42,10
P8L,8
2IC,13
8MY,12
377,8
AGR,6
1EQ,7
ZPM,4
02F,4
VBQ,7
Y75,4
X6W,13
OH9,6
PYL,14
TPM,8
8TU,9
XW7,7
K0D,7
CH4,7
7MF,8
941,23
SWC,4
LNR,5
J6X,8
EFO,8
POV,8
4X1,3
IPO,7
KIV,5
7AE,11
1QB,6
35G,4
B21,14
HUI,4
GKR,9
GXX,13
SZT,9
AF8,5
NNV,4
3MU,5
51C,4
YN9,9
RS9,6
PBA,4
AT0,2
NKJ,9
4SI,13
MWU,7
R1Q,14
ZEY,10
2D8,6
E95,7
HKN,6
CYU,4
98S,14
C61,10
MZU,12
U3I,7
ZJL,10
0HW,7
J1N,11
RRA,6
1DB,11
4D3,8
0W4,5
IFH,10
U80,9
PPP,5
DP6,5
P2D,9
ONB,10
KAG,7
267,11
938,8
5RO,10
INA,8
V41,9
VYP,8
FRQ,5
U7O,6
1BJ,9
72Q,7
285,8
G2J,7
DAL,4
I30,6
NDC,4
FC0,9
XGX,5
NWU,8
8MG,10
0E4,10
LUA,8
KBN,4
CGK,9
Q72,8
IC9,7
9T1,7
MS1,7
FK6,4
1KC,7
3LX,8
NKR,6
PML,3
0ZO,10
C2T,6
TO7,7
Y10,3
3HN,10
20M,6
MVB,5
0JG,8
C0H,9
EJG,11
3Z9,5
YP6,3
34K,9
HLO,8
RJW,9
6EF,7
0AI,5
GFZ,12
4AW,13
JLM,6
ZXC,11
8BB,9
M1G,9
NIT,13
1Q2,5
LMO,3
DS7,8
RFQ,10
T1U,14
8LA,5
Q82,11
7MK,6
TRP,6
G00,10
NAT,7
W0O,13
XXN,6
SGF,7
QGJ,6
WJ3,12
999,6
AE2,7
0CV,7
648,7
IBU,8
327,5
D3T,8
K5A,5
ZGH,3
Y0V,7
F1R,4
CA3,9
RUD,14
YSA,7
6W5,9
6M8,13
MI3,7
XL6,6
PKN,7
ZQ1,11
ANP,12
8OV,7
9DX,8
GS8,14
KOA,6
4T1,11
N6S,8
MV4,7
282,8
L49,12
I7S,6
JFR,9
JYW,8
RVJ,7
3KQ,10
5YQ,7
MXV,7
0U1,9
D3H,8
5TN,9
Y46,4
VK2,9
IZV,7
X36,11
K2X,9
NAI,17
6LO,8
FMR,9
VDG,11
3K8,8
7FE,5
6YH,10
1D8,6
LLB,9
13M,7
2EF,12
B1M,9
V1O,12
DRY,7
UVP,8
5M3,10
DB8,5
8CF,6
4EH,7
KYM,12
FWH,7
TPV,5
GMX,7
5FR,9
4RD,8
GN6,7
91V,6
UFS,9
VBY,5
DFA,5
BUB,9
EAO,6
VVK,10
NLP,7
52P,8
32O,9
4N9,5
9YU,3
5IH,10
V29,8
FM6,12
AG7,7
MQ4,8
YDJ,7
CPI,8
1LJ,8
QQH,10
TBM,6
8EU,7
JD5,14
2EV,7
KPI,14
02D,9
H69,5
Y4B,5
EEG,2
KXP,9
LXT,9
7ZE,12
F2G,9
JDR,5
TVO,9
W3M,6
50U,6
UDY,8
286,8
4G6,4
9TI,8
P5V,6
ZG5,8
KDR,7
4QQ,5
UXK,7
D1I,15
ICQ,8
4X7,7
IDS,6
4OK,4
RLB,9
C6T,7
PRR,7
JG1,5
217,8
DC8,5
CAH,12
VY6,12
RZH,6
3FG,4
NTL,5
29H,6
AMG,6
HNI,9
B1A,11
QQ8,4
HUJ,4
L4C,6
GCA,7
ZHX,8
A00,8
838,11
S1H,8
JRX,6
4R4,10
OU9,8
3NP,12
54U,8
XNQ,7
38T,6
Q1Z,5
JF1,8
1GM,8
GN9,12
LDP,8
OON,8
73H,6
YW6,6
ZX8,6
J4O,4
PB5,10
FGP,7
SKN,3
XMT,7
VGU,11
310,6
98P,7
L94,4
TR9,12
PPA,11
22S,7
QQS,11
Q8Y,11
FZV,7
AKW,9
B4E,8
9AH,9
UH2,6
OQQ,4
PRG,5
8XM,9
CZE,5
AW1,9
80T,10
L3F,7
ER5,5
8D7,7
XLK,10
PG7,6
24Z,8
UHS,5
KV5,6
OK9,6
ZCW,8
V3G,9
JW1,11
TSH,4
GDL,7
5U2,7
ORO,7
MO0,10
R2J,8
ZE9,7
XD9,12
FXW,6
NCV,17
6AN,8
I02,6
WAC,7
R6A,5
GYT,10
2PV,8
4KG,5
B3N,2
O76,13
FP4,7
NE0,6
6DE,6
JZH,4
TV1,8
31V,7
734,12
AB1,9
BNL,11
3GA,12
ZTN,4
A80,5
M0Y,4
6S4,9
48O,11
39F,6
SWG,7
W3W,5
AOS,7
NVN,7
5RN,6
BM4,6
J4T,6
DCS,8
2ZZ,12
V7L,11
19I,7
YX8,7
SF5,9
TTC,4
PYN,5
BPI,4
2SA,7
7QO,10
C87,6
HPQ,11
5V8,8
ST9,10
RSG,5
9NU,12
UEG,5
A1H,12
7VB,9
5KL,12
7ND,10
DV4,5
W6U,6
QZN,4
FQH,6
YH3,5
81S,13
6LT,10
OT8,8
IHU,5
1E1,9
WIJ,6
9NW,10
LQ7,11
R6W,7
5EE,9
F22,13
FZG,7
LBC,10
VRM,3
V5E,4
N9B,7
88B,10
1WW,7
56V,5
K9H,8
CHR,6
904,3
UUI,8
VJE,7
BLD,10
6TL,9
7BK,5
83U,5
UWN,7
6US,4
O9L,4
7VK,5
WMT,11
JFF,9
NI6,8
DN1,8
0YT,13
SFU,7
EHK,6
G0N,8
YDE,4
YDU,5
Q4J,3
ZB0,8
48D,6
X3I,2
VGG,6
QAN,8
5A4,9
PEE,4
84S,6
1M6,4
D3D,6
KUG,8
PAG,7
QWQ,6
BCW,8
VW5,11
LSD,8
R83,9
ZL7,5
V4L,5
2MB,10
JD8,6
UDP,8
83R,9
9IP,9
4XZ,6
7JG,7
S9D,8
4T7,10
6Z9,6
UNL,10
UC3,5
P61,3
50F,4
OLW,6
0C6,5
2RS,8
8TP,6
0N4,7
D9H,5
CPQ,8
QQ1,11
TQ3,3
7I4,4
VFB,5
RON,9
18H,6
A4L,8
OSE,6
6HF,6
JY2,8
LT4,6
DGF,8
XBL,8
SZD,7
8BD,3
GL7,3
B83,9
R4F,12
R6M,8
ZBG,13
GK8,10
0MI,7
B6H,6
4WT,12
A6C,10
8W2,11
GWE,4
RA3,4
J4X,4
XIN,8
2QH,8
96S,12
GN3,6
V44,8
PCH,6
AOV,8
MJF,7
PL1,3
X41,8
DWX,8
LSU,8
EDY,10
LLV,7
1RU,9
4KA,6
WSO,6
10Y,3
PIL,5
4P7,9
ZET,15
10P,6
FN4,5
SGQ,5
7H9,9
6NH,3
77Q,6
6ZN,8
OSD,10
4EL,7
T7O,2
KSV,7
7LG,9
WTI,11
XHO,8
QU2,3
HKF,13
BWW,10
G4H,7
NWJ,9
6VC,10
7GS,9
YQK,8
O64,6
YIE,7
YZD,11
CRS,9
S9H,5
B9C,5
R8C,10
4K1,7
M52,7
KY4,9
KVE,6
EUC,6
8DD,6
V69,7
WH2,8
RJD,4
JHP,5
MJK,8
5VQ,10
6E1,4
X2H,9
6M7,4
CI3,5
RYS,10
IP2,14
8RD,2
X0F,7
4J4,7
TE6,8
M6F,11
46I,8
CQ4,9
MM5,8
FY4,5
Y5W,11
G4C,13
G0Y,6
VHD,10
NOR,4
HGD,7
CGS,9
Z5U,8
JNI,6
CLN,7
51G,5
LK1,6
J6N,7
325,8
U2O,7
UVX,15
ZH7,4
OT1,7
UZ2,6
F0A,10
3OS,5
2K2,9
KUO,6
IJL,13
Y9U,5
AWY,8
UVW,4
JOG,8
P3J,9
PCV,4
T33,6
JWO,8
JTG,9
XS4,6
SWM,5
NVL,5
ONR,7
GBY,5
Y4Q,5
KBI,9
4JI,8
7AS,5
WY2,7
K9Y,6
JMM,7
CVJ,6
JSV,9
G5C,8
ZIP,3
BRA,3
FKD,7
JJZ,2
P4Q,13
3TQ,8
J28,7
8CR,8
3UV,10
GJ8,2
DSV,8
MF3,11
Q7E,6
FS7,6
12J,10
6E7,7
30H,9
0YD,4
CYP,9
AWF,3
OAI,3
LGN,7
PYZ,6
GLK,8
Q46,13
0O5,3
6C3,9
6K8,7
TL5,3
FWY,11
KAT,8
A46,5
FQA,6
LWJ,3
MDK,5
G1M,6
8UE,7
V3P,5
FPD,10
78F,10
I8K,8
H1J,10
H9P,6
PC3,5
6IJ,5
RNN,8
ZGZ,4
D4W,8
UNY,8
H4K,11
PH4,7
WXX,8
K33,4
T6C,3
OFK,2
A2D,6
KDV,6
NW1,4
XIH,9
OQD,13
OAC,12
59U,6
741,7
H41,6
Q0F,8
IFD,5
UPY,7
C1G,8
EJN,6
K82,5
WO9,6
HCR,7
LHU,3
5HH,8
GZ6,9
2TB,8
2QF,9
SEQ,5
EIX,6
LKO,6
15C,9
E4A,11
AFH,6
DUN,5
384,7
QFU,6
NDG,7
TJG,6
ZXH,5
8NI,7
7TW,10
KDT,7
UW1,9
ZPD,6
0KI,8
RTJ,2
5W5,6
FE6,9
DE0,13
PCK,5
V85,11
133,12
SYE,7
WS1,6
01I,8
0NH,10
S5J,11
HGA,4
318,8
I0M,6
LEG,8
IVD,8
7VT,8
HA3,6
JX5,7
5WY,8
YEM,9
5HK,8
RJM,7
3HD,5
4VF,9
8KO,9
QWE,4
67K,4
YV8,4
DPS,10
BZ7,4
FAH,11
8EO,7
S2H,11
5I1,4
B3Y,7
U08,7
JE0,4
D6S,7
X2P,7
P3F,1
HAT,7
58E,10
UUX,7
7WZ,12
4II,6
UOW,8
1NL,7
5OH,6
4H6,5
ZMB,5
ZPC,8
NIJ,5
1P5,6
X5O,8
LDL,3
JMH,4
7WC,1
MU1,7
FZT,5
YQQ,8
QJ0,7
A7A,5
B2M,7
LQR,8
3LW,5
E0F,9
O19,8
WNL,6
BDK,7
0SE,3
OSH,10
XBW,7
UVE,7
02G,5
XMA,6
KUH,6
WG2,8
BFD,10
VQ4,6
7U0,6
5NQ,6
UFD,14
R9Q,6
5LM,7
3EW,9
2OC,8
IVB,6
TAR,5
39B,4
1SV,4
5B6,6
I4D,7
34H,4
79I,5
PMI,4
LZJ,5
NKN,6
C64,9
3VR,8
MM8,7
K1N,7
KGX,8
Q4B,5
SFA,4
FXZ,5
HMT,5
XLM,7
IME,6
4PX,8
4R2,7
LCT,12
6X5,8
76Q,7
T30,6
2LT,7
BV9,6
LII,8
3GC,8
3SA,5
BP4,6
S77,6
RJ8,6
UL4,6
GXJ,10
1BM,9
F3Z,8
XI1,1
0BS,8
SO4,3
CTA,8
58O,10
O13,4
8DW,6
PI6,9
MEX,7
8TO,5
9J3,6
ZGT,4
707,8
F41,10
9DH,8
UAC,3
8A8,2
R0X,9
7EK,5
2DW,6
8FP,7
VS7,6
9NY,9
SCM,4
7EM,5
WV3,6
DMR,5
SXN,5
YNW,6
5AT,5
239,3
K2T,3
OJJ,6
13W,8
OTH,7
1WJ,3
NBQ,5
YM9,2
AAV,7
DRR,2
534,8
Y81,3
IEO,6
1YU,5
45C,3
D2S,5
IPL,9
KO4,2
HCO,9
05J,12
5I3,5
Q59,2
5J9,9
BPR,8
MLO,3
3U2,10
RW2,10
G4N,3
4P9,3
DL3,6
SFN,6
9IE,6
SBN,7
W5A,8
T2V,8
XM9,3
6MD,3
PKW,11
29Y,7
IJO,4
A3X,8
2ZY,3
BHC,6
FP1,4
UNU,5
0NQ,5
51L,2
SKR,1
OA1,5
GEN,4
T2N,4
E0Q,8
Z3S,9
X6A,10
LPR,6
646,4
TWY,4
FQ3,5
S2A,7
GIX,7
XNB,1
P2R,5
E5X,9
VZ1,8
K84,4
XY7,1
PAL,3
H54,6
UGC,7
RHR,3
8P8,5
94O,7
TP2,2
TSV,5
3SY,2
PB7,7
EIS,6
XJQ,2
HFW,5
BKY,3
A14,5
YB1,6
9HJ,5
O3V,6
UIU,6
1UC,3
JA9,6
GGE,8
IJW,8
UQZ,5
2MW,2
ZDX,6
PNE,9
MRM,5
Q44,7
BVH,2
E91,5
J6I,2
HQ3,6
08P,9
FUM,4
GKF,5
23P,3
VWL,4
HK3,2
ZFE,3
ISV,3
FPP,6
U5D,4
4JR,3
TK2,3
9X0,3
3ZD,5
BTZ,10
XXB,6
OK4,4
8WC,1
W95,3
4G1,2
L2Y,3
H5R,3
0MU,4
34X,3
QER,4
IGP,4
I2R,2
U52,2
